{"v":"5.4.4","fr":24,"ip":0,"op":28,"w":50,"h":50,"nm":"play-button-circled","ddd":0,"assets":[],"layers":[{"ddd":0,"ind":1,"ty":4,"nm":"play-button-circled Outlines 2","sr":1,"ks":{"o":{"a":0,"k":100,"ix":11},"r":{"a":1,"k":[{"i":{"x":[0.825],"y":[1]},"o":{"x":[1],"y":[0]},"t":3,"s":[0],"e":[385]},{"i":{"x":[0.215],"y":[1]},"o":{"x":[0.511],"y":[0]},"t":22,"s":[385],"e":[360]},{"t":25}],"ix":10},"p":{"a":0,"k":[25,25,0],"ix":2},"a":{"a":0,"k":[25,25,0],"ix":1},"s":{"a":0,"k":[100,100,100],"ix":6}},"ao":0,"shapes":[{"ty":"gr","it":[{"ind":0,"ty":"sh","ix":1,"ks":{"a":0,"k":{"i":[[0,0],[0,0],[0,0]],"o":[[0,0],[0,0],[0,0]],"v":[[-8.44,9.24],[-8.52,-9.29],[7.52,-0.09]],"c":true},"ix":2},"nm":"Path 1","mn":"ADBE Vector Shape - Group","hd":false},{"ind":1,"ty":"sh","ix":2,"ks":{"a":0,"k":{"i":[[0.31,0.18],[0,0],[0.17,0],[0.19,-0.19],[0,-0.27],[0,0],[0,0],[0,0],[-0.32,-0.17],[-0.31,0.179],[0,0],[0,0.36]],"o":[[0,0],[-0.16,-0.08],[-0.27,0],[-0.19,0.19],[0,0],[0,0],[0,0],[0,0.35],[0.31,0.179],[0,0],[0.31,-0.18],[0,-0.36]],"v":[[10.02,-0.97],[-9.02,-11.89],[-9.52,-12.02],[-10.23,-11.73],[-10.52,-11.02],[-10.52,-11],[-10.52,-10.99],[-10.44,10.98],[-9.93,11.841],[-8.93,11.841],[10.02,0.77],[10.52,-0.1]],"c":true},"ix":2},"nm":"Path 2","mn":"ADBE Vector Shape - Group","hd":false},{"ty":"mm","mm":1,"nm":"Merge Paths 1","mn":"ADBE Vector Filter - Merge","hd":false},{"ty":"fl","c":{"a":0,"k":[0,0,0,1],"ix":4},"o":{"a":0,"k":100,"ix":5},"r":1,"bm":0,"nm":"Fill 2","mn":"ADBE Vector Graphic - Fill","hd":false},{"ty":"fl","c":{"a":0,"k":[0,0,0,1],"ix":4},"o":{"a":0,"k":100,"ix":5},"r":1,"bm":0,"nm":"Fill 1","mn":"ADBE Vector Graphic - Fill","hd":false},{"ty":"tr","p":{"a":0,"k":[27.48,25.06],"ix":2},"a":{"a":0,"k":[0,0],"ix":1},"s":{"a":0,"k":[100,100],"ix":3},"r":{"a":0,"k":0,"ix":6},"o":{"a":0,"k":100,"ix":7},"sk":{"a":0,"k":0,"ix":4},"sa":{"a":0,"k":0,"ix":5},"nm":"Transform"}],"nm":"Group 1","np":5,"cix":2,"bm":0,"ix":1,"mn":"ADBE Vector Group","hd":false}],"ip":0,"op":28,"st":0,"bm":0},{"ddd":0,"ind":2,"ty":4,"nm":"Circle","sr":1,"ks":{"o":{"a":0,"k":100,"ix":11},"r":{"a":0,"k":0,"ix":10},"p":{"a":0,"k":[25,25,0],"ix":2},"a":{"a":0,"k":[25,25,0],"ix":1},"s":{"a":1,"k":[{"i":{"x":[0.667,0.667,0.667],"y":[1,1,1]},"o":{"x":[0.833,0.833,0.333],"y":[0,0,0]},"t":16,"s":[100,100,100],"e":[103,103,100]},{"i":{"x":[0.491,0.491,0.667],"y":[1,1,1]},"o":{"x":[0.45,0.45,0.333],"y":[0,0,0]},"t":22,"s":[103,103,100],"e":[100,100,100]},{"t":25}],"ix":6}},"ao":0,"shapes":[{"ty":"gr","it":[{"ind":0,"ty":"sh","ix":1,"ks":{"a":0,"k":{"i":[[11.61,0],[0,11.61],[-11.61,0],[0,-11.61]],"o":[[-11.61,0],[0,-11.61],[11.61,0],[0,11.61]],"v":[[0,21],[-21,0],[0,-21],[21,0]],"c":true},"ix":2},"nm":"Path 3","mn":"ADBE Vector Shape - Group","hd":false},{"ind":1,"ty":"sh","ix":2,"ks":{"a":0,"k":{"i":[[12.69,0],[0,-12.69],[-12.69,0],[0,12.69]],"o":[[-12.69,0],[0,12.69],[12.69,0],[0,-12.69]],"v":[[0,-23],[-23,0],[0,23],[23,0]],"c":true},"ix":2},"nm":"Path 4","mn":"ADBE Vector Shape - Group","hd":false},{"ty":"mm","mm":1,"nm":"Merge Paths 1","mn":"ADBE Vector Filter - Merge","hd":false},{"ty":"fl","c":{"a":0,"k":[0,0,0,1],"ix":4},"o":{"a":0,"k":100,"ix":5},"r":1,"bm":0,"nm":"Fill 1","mn":"ADBE Vector Graphic - Fill","hd":false},{"ty":"tr","p":{"a":0,"k":[25,25],"ix":2},"a":{"a":0,"k":[0,0],"ix":1},"s":{"a":0,"k":[100,100],"ix":3},"r":{"a":0,"k":0,"ix":6},"o":{"a":0,"k":100,"ix":7},"sk":{"a":0,"k":0,"ix":4},"sa":{"a":0,"k":0,"ix":5},"nm":"Transform"}],"nm":"Group 2","np":4,"cix":2,"bm":0,"ix":1,"mn":"ADBE Vector Group","hd":false}],"ip":0,"op":28,"st":0,"bm":0}],"markers":[]}