{"v":"5.4.4","fr":24,"ip":0,"op":28,"w":50,"h":50,"nm":"video-record","ddd":0,"assets":[],"layers":[{"ddd":0,"ind":1,"ty":4,"nm":"Text and dot","sr":1,"ks":{"o":{"a":1,"k":[{"i":{"x":[0.833],"y":[0.833]},"o":{"x":[0.167],"y":[0.167]},"t":3,"s":[100],"e":[0]},{"i":{"x":[0.833],"y":[0.833]},"o":{"x":[0.167],"y":[0.167]},"t":12,"s":[0],"e":[0]},{"i":{"x":[0.833],"y":[0.833]},"o":{"x":[0.167],"y":[0.167]},"t":16,"s":[0],"e":[100]},{"t":25}],"ix":11},"r":{"a":0,"k":0,"ix":10},"p":{"a":0,"k":[25,25,0],"ix":2},"a":{"a":0,"k":[25,25,0],"ix":1},"s":{"a":0,"k":[100,100,100],"ix":6}},"ao":0,"shapes":[{"ty":"gr","it":[{"ind":0,"ty":"sh","ix":1,"ks":{"a":0,"k":{"i":[[0,2.299],[-2.113,0],[-0.054,-1.596],[0,0],[0.772,0],[0,-1.372],[-0.986,0],[-0.101,0.757],[0,0],[1.808,0]],"o":[[0,-2.3],[1.773,0],[0,0],[-0.093,-0.767],[-0.98,0],[0,1.377],[0.771,0],[0,0],[-0.06,1.611],[-2.108,-0.001]],"v":[[9.702,-0.002],[13.109,-3.713],[16.277,-0.935],[14.555,-0.935],[13.109,-2.219],[11.527,-0.007],[13.115,2.22],[14.564,0.965],[16.283,0.965],[13.109,3.714]],"c":true},"ix":2},"nm":"Path 1","mn":"ADBE Vector Shape - Group","hd":false},{"ind":1,"ty":"sh","ix":2,"ks":{"a":0,"k":{"i":[[0,0],[0,0],[0,0],[0,0],[0,0],[0,0],[0,0],[0,0],[0,0],[0,0],[0,0],[0,0]],"o":[[0,0],[0,0],[0,0],[0,0],[0,0],[0,0],[0,0],[0,0],[0,0],[0,0],[0,0],[0,0]],"v":[[8.204,3.523],[3.374,3.523],[3.374,-3.523],[8.204,-3.523],[8.204,-2.083],[5.167,-2.083],[5.167,-0.677],[8.021,-0.677],[8.021,0.641],[5.167,0.641],[5.167,2.081],[8.204,2.081]],"c":true},"ix":2},"nm":"Path 2","mn":"ADBE Vector Shape - Group","hd":false},{"ind":2,"ty":"sh","ix":3,"ks":{"a":0,"k":{"i":[[0,0],[0,0],[0,0.611],[0.639,0],[0,0]],"o":[[0,0],[0.659,0],[0,-0.601],[0,0],[0,0]],"v":[[-2.492,-0.208],[-1.432,-0.208],[-0.382,-1.185],[-1.436,-2.171],[-2.492,-2.171]],"c":true},"ix":2},"nm":"Path 3","mn":"ADBE Vector Shape - Group","hd":false},{"ind":3,"ty":"sh","ix":4,"ks":{"a":0,"k":{"i":[[0,0],[0,0],[0,0],[0,0],[0,-1.455],[0.77,-0.337],[0,0],[0,0],[0,0],[0,0]],"o":[[0,0],[0,0],[0,0],[1.646,0],[0,0.864],[0,0],[0,0],[0,0],[0,0],[0,0]],"v":[[-2.492,3.523],[-4.283,3.523],[-4.283,-3.523],[-1.182,-3.523],[1.45,-1.199],[0.249,0.793],[1.654,3.522],[-0.359,3.522],[-1.564,1.056],[-2.492,1.056]],"c":true},"ix":2},"nm":"Path 4","mn":"ADBE Vector Shape - Group","hd":false},{"ind":4,"ty":"sh","ix":5,"ks":{"a":0,"k":{"i":[[2.209,0],[0,-2.209],[-2.209,0],[0,2.209]],"o":[[-2.209,0],[0,2.209],[2.209,0],[0,-2.209]],"v":[[-12.283,-4],[-16.283,0],[-12.283,4],[-8.283,0]],"c":true},"ix":2},"nm":"Path 5","mn":"ADBE Vector Shape - Group","hd":false},{"ty":"mm","mm":1,"nm":"Merge Paths 1","mn":"ADBE Vector Filter - Merge","hd":false},{"ty":"fl","c":{"a":0,"k":[0,0,0,1],"ix":4},"o":{"a":0,"k":100,"ix":5},"r":1,"bm":0,"nm":"Fill 1","mn":"ADBE Vector Graphic - Fill","hd":false},{"ty":"tr","p":{"a":0,"k":[25.284,25],"ix":2},"a":{"a":0,"k":[0,0],"ix":1},"s":{"a":0,"k":[100,100],"ix":3},"r":{"a":0,"k":0,"ix":6},"o":{"a":0,"k":100,"ix":7},"sk":{"a":0,"k":0,"ix":4},"sa":{"a":0,"k":0,"ix":5},"nm":"Transform"}],"nm":"Group 1","np":7,"cix":2,"bm":0,"ix":1,"mn":"ADBE Vector Group","hd":false}],"ip":0,"op":28,"st":0,"bm":0},{"ddd":0,"ind":2,"ty":4,"nm":"Rectangle","sr":1,"ks":{"o":{"a":0,"k":100,"ix":11},"r":{"a":0,"k":0,"ix":10},"p":{"a":0,"k":[25,25,0],"ix":2},"a":{"a":0,"k":[25,25,0],"ix":1},"s":{"a":0,"k":[100,100,100],"ix":6}},"ao":0,"shapes":[{"ty":"gr","it":[{"ind":0,"ty":"sh","ix":1,"ks":{"a":0,"k":{"i":[[0,0],[0,0],[0,0],[0,0]],"o":[[0,0],[0,0],[0,0],[0,0]],"v":[[-19,-19],[19,-19],[19,19],[-19,19]],"c":true},"ix":2},"nm":"Path 1","mn":"ADBE Vector Shape - Group","hd":false},{"ind":1,"ty":"sh","ix":2,"ks":{"a":0,"k":{"i":[[0,0],[0,-0.552],[0,0],[-0.552,0],[0,0],[0,0.552],[0,0],[0.552,0]],"o":[[-0.552,0],[0,0],[0,0.552],[0,0],[0.552,0],[0,0],[0,-0.552],[0,0]],"v":[[-20,-21],[-21,-20],[-21,20],[-20,21],[20,21],[21,20],[21,-20],[20,-21]],"c":true},"ix":2},"nm":"Path 2","mn":"ADBE Vector Shape - Group","hd":false},{"ty":"mm","mm":1,"nm":"Merge Paths 1","mn":"ADBE Vector Filter - Merge","hd":false},{"ty":"fl","c":{"a":0,"k":[0,0,0,1],"ix":4},"o":{"a":0,"k":100,"ix":5},"r":1,"bm":0,"nm":"Fill 1","mn":"ADBE Vector Graphic - Fill","hd":false},{"ty":"tr","p":{"a":0,"k":[25,25],"ix":2},"a":{"a":0,"k":[0,0],"ix":1},"s":{"a":0,"k":[100,100],"ix":3},"r":{"a":0,"k":0,"ix":6},"o":{"a":0,"k":100,"ix":7},"sk":{"a":0,"k":0,"ix":4},"sa":{"a":0,"k":0,"ix":5},"nm":"Transform"}],"nm":"Group 2","np":4,"cix":2,"bm":0,"ix":1,"mn":"ADBE Vector Group","hd":false}],"ip":0,"op":28,"st":0,"bm":0}],"markers":[]}