{"v":"5.4.4","fr":24,"ip":0,"op":28,"w":50,"h":50,"nm":"linkedin-circled 2","ddd":0,"assets":[],"layers":[{"ddd":0,"ind":1,"ty":4,"nm":"linkedin-circled Outlines 2","sr":1,"ks":{"o":{"a":0,"k":100,"ix":11},"r":{"a":0,"k":0,"ix":10},"p":{"a":0,"k":[25,25,0],"ix":2},"a":{"a":0,"k":[25,25,0],"ix":1},"s":{"a":1,"k":[{"i":{"x":[0.363,0.363,0.667],"y":[1,1,1]},"o":{"x":[0.167,0.167,0.167],"y":[0.167,0.167,0]},"t":3,"s":[100,100,100],"e":[118,118,100]},{"i":{"x":[0.187,0.187,0.667],"y":[1,1,1]},"o":{"x":[0.579,0.579,0.333],"y":[0,0,0]},"t":13,"s":[118,118,100],"e":[118,118,100]},{"i":{"x":[0.833,0.833,0.833],"y":[0.833,0.833,1]},"o":{"x":[0.579,0.579,0.333],"y":[0,0,0]},"t":18,"s":[118,118,100],"e":[100,100,100]},{"t":25}],"ix":6}},"ao":0,"shapes":[{"ty":"gr","it":[{"ind":0,"ty":"sh","ix":1,"ks":{"a":0,"k":{"i":[[0,0],[0,0],[0,0],[2.47,0],[0,-2.47],[0,0],[0,0],[0,0],[0,0],[0,0],[-0.37,-0.16],[-0.28,0.28],[-1.48,0],[0,-3.05]],"o":[[0,0],[0,0],[0,-2.47],[-2.47,0],[0,0],[0,0],[0,0],[0,0],[0,0],[0,0.4],[0.37,0.15],[0.99,-0.95],[3.05,0],[0,0]],"v":[[6.5,6.5],[4.5,6.5],[4.5,0],[0,-4.5],[-4.5,0],[-4.5,6.5],[-6.5,6.5],[-6.5,-6.5],[-4.5,-6.5],[-4.5,-5.68],[-3.89,-4.76],[-2.81,-4.96],[1,-6.5],[6.5,-1]],"c":true},"ix":2},"nm":"Path 1","mn":"ADBE Vector Shape - Group","hd":false},{"ind":1,"ty":"sh","ix":2,"ks":{"a":0,"k":{"i":[[4.13,0],[1.06,-0.57],[0.55,0],[0,0],[0,-0.55],[0,0],[-0.55,0],[0,0],[0,0.55],[0,0],[-1.38,0],[0,-1.38],[0,0],[-0.55,0],[0,0],[0,0.55],[0,0]],"o":[[-1.29,0],[0,-0.55],[0,0],[-0.55,0],[0,0],[0,0.55],[0,0],[0.55,0],[0,0],[0,-1.38],[1.38,0],[0,0],[0,0.55],[0,0],[0.55,0],[0,0],[0,-4.13]],"v":[[1,-8.5],[-2.5,-7.51],[-3.5,-8.5],[-7.5,-8.5],[-8.5,-7.5],[-8.5,7.5],[-7.5,8.5],[-3.5,8.5],[-2.5,7.5],[-2.5,0],[0,-2.5],[2.5,0],[2.5,7.5],[3.5,8.5],[7.5,8.5],[8.5,7.5],[8.5,-1]],"c":true},"ix":2},"nm":"Path 2","mn":"ADBE Vector Shape - Group","hd":false},{"ty":"mm","mm":1,"nm":"Merge Paths 1","mn":"ADBE Vector Filter - Merge","hd":false},{"ty":"fl","c":{"a":0,"k":[0,0,0,1],"ix":4},"o":{"a":0,"k":100,"ix":5},"r":1,"bm":0,"nm":"Fill 1","mn":"ADBE Vector Graphic - Fill","hd":false},{"ty":"tr","p":{"a":0,"k":[29.5,27.5],"ix":2},"a":{"a":0,"k":[0,0],"ix":1},"s":{"a":0,"k":[100,100],"ix":3},"r":{"a":0,"k":0,"ix":6},"o":{"a":0,"k":100,"ix":7},"sk":{"a":0,"k":0,"ix":4},"sa":{"a":0,"k":0,"ix":5},"nm":"Transform"}],"nm":"Group 1","np":4,"cix":2,"bm":0,"ix":1,"mn":"ADBE Vector Group","hd":false},{"ty":"gr","it":[{"ind":0,"ty":"sh","ix":1,"ks":{"a":0,"k":{"i":[[0,0],[0,0],[0,0],[0,0]],"o":[[0,0],[0,0],[0,0],[0,0]],"v":[[1,6.5],[-1,6.5],[-1,-6.5],[1,-6.5]],"c":true},"ix":2},"nm":"Path 1","mn":"ADBE Vector Shape - Group","hd":false},{"ind":1,"ty":"sh","ix":2,"ks":{"a":0,"k":{"i":[[0.55,0],[0,0],[0,-0.55],[0,0],[-0.55,0],[0,0],[0,0.55],[0,0]],"o":[[0,0],[-0.55,0],[0,0],[0,0.55],[0,0],[0.55,0],[0,0],[0,-0.55]],"v":[[2,-8.5],[-2,-8.5],[-3,-7.5],[-3,7.5],[-2,8.5],[2,8.5],[3,7.5],[3,-7.5]],"c":true},"ix":2},"nm":"Path 2","mn":"ADBE Vector Shape - Group","hd":false},{"ty":"mm","mm":1,"nm":"Merge Paths 1","mn":"ADBE Vector Filter - Merge","hd":false},{"ty":"fl","c":{"a":0,"k":[0,0,0,1],"ix":4},"o":{"a":0,"k":100,"ix":5},"r":1,"bm":0,"nm":"Fill 1","mn":"ADBE Vector Graphic - Fill","hd":false},{"ty":"tr","p":{"a":0,"k":[16,27.5],"ix":2},"a":{"a":0,"k":[0,0],"ix":1},"s":{"a":0,"k":[100,100],"ix":3},"r":{"a":0,"k":0,"ix":6},"o":{"a":0,"k":100,"ix":7},"sk":{"a":0,"k":0,"ix":4},"sa":{"a":0,"k":0,"ix":5},"nm":"Transform"}],"nm":"Group 2","np":4,"cix":2,"bm":0,"ix":2,"mn":"ADBE Vector Group","hd":false},{"ty":"gr","it":[{"ind":0,"ty":"sh","ix":1,"ks":{"a":0,"k":{"i":[[0.56,0],[0,0.56],[-0.56,0],[0,-0.56]],"o":[[-0.56,0],[0,-0.56],[0.56,0],[0,0.56]],"v":[[0,1],[-1,0],[0,-1],[1,0]],"c":true},"ix":2},"nm":"Path 1","mn":"ADBE Vector Shape - Group","hd":false},{"ind":1,"ty":"sh","ix":2,"ks":{"a":0,"k":{"i":[[1.64,0],[0,-1.64],[-1.64,0],[0,1.64]],"o":[[-1.64,0],[0,1.64],[1.64,0],[0,-1.64]],"v":[[0,-3],[-3,0],[0,3],[3,0]],"c":true},"ix":2},"nm":"Path 2","mn":"ADBE Vector Shape - Group","hd":false},{"ty":"mm","mm":1,"nm":"Merge Paths 1","mn":"ADBE Vector Filter - Merge","hd":false},{"ty":"fl","c":{"a":0,"k":[0,0,0,1],"ix":4},"o":{"a":0,"k":100,"ix":5},"r":1,"bm":0,"nm":"Fill 1","mn":"ADBE Vector Graphic - Fill","hd":false},{"ty":"tr","p":{"a":0,"k":[16,15],"ix":2},"a":{"a":0,"k":[0,0],"ix":1},"s":{"a":0,"k":[100,100],"ix":3},"r":{"a":0,"k":0,"ix":6},"o":{"a":0,"k":100,"ix":7},"sk":{"a":0,"k":0,"ix":4},"sa":{"a":0,"k":0,"ix":5},"nm":"Transform"}],"nm":"Group 3","np":4,"cix":2,"bm":0,"ix":3,"mn":"ADBE Vector Group","hd":false}],"ip":0,"op":28,"st":0,"bm":0},{"ddd":0,"ind":2,"ty":4,"nm":"Circle","sr":1,"ks":{"o":{"a":0,"k":100,"ix":11},"r":{"a":0,"k":0,"ix":10},"p":{"a":0,"k":[25,25,0],"ix":2},"a":{"a":0,"k":[25,25,0],"ix":1},"s":{"a":1,"k":[{"i":{"x":[0,0,0.667],"y":[1,1,1]},"o":{"x":[0.167,0.167,0.167],"y":[0.167,0.167,0]},"t":6,"s":[100,100,100],"e":[108,108,100]},{"i":{"x":[0,0,0.667],"y":[1,1,1]},"o":{"x":[1,1,0.333],"y":[0,0,0]},"t":16,"s":[108,108,100],"e":[108,108,100]},{"i":{"x":[0.833,0.833,0.833],"y":[0.833,0.833,1]},"o":{"x":[1,1,0.333],"y":[0,0,0]},"t":21,"s":[108,108,100],"e":[100,100,100]},{"t":25}],"ix":6}},"ao":0,"shapes":[{"ty":"gr","it":[{"ind":0,"ty":"sh","ix":1,"ks":{"a":0,"k":{"i":[[11.61,0],[0,11.61],[-11.61,0],[0,-11.61]],"o":[[-11.61,0],[0,-11.61],[11.61,0],[0,11.61]],"v":[[0,21],[-21,0],[0,-21],[21,0]],"c":true},"ix":2},"nm":"Path 3","mn":"ADBE Vector Shape - Group","hd":false},{"ind":1,"ty":"sh","ix":2,"ks":{"a":0,"k":{"i":[[12.69,0],[0,-12.69],[-12.69,0],[0,12.69]],"o":[[-12.69,0],[0,12.69],[12.69,0],[0,-12.69]],"v":[[0,-23],[-23,0],[0,23],[23,0]],"c":true},"ix":2},"nm":"Path 4","mn":"ADBE Vector Shape - Group","hd":false},{"ty":"mm","mm":1,"nm":"Merge Paths 1","mn":"ADBE Vector Filter - Merge","hd":false},{"ty":"fl","c":{"a":0,"k":[0,0,0,1],"ix":4},"o":{"a":0,"k":100,"ix":5},"r":1,"bm":0,"nm":"Fill 1","mn":"ADBE Vector Graphic - Fill","hd":false},{"ty":"tr","p":{"a":0,"k":[25,25],"ix":2},"a":{"a":0,"k":[0,0],"ix":1},"s":{"a":0,"k":[100,100],"ix":3},"r":{"a":0,"k":0,"ix":6},"o":{"a":0,"k":100,"ix":7},"sk":{"a":0,"k":0,"ix":4},"sa":{"a":0,"k":0,"ix":5},"nm":"Transform"}],"nm":"Group 2","np":4,"cix":2,"bm":0,"ix":1,"mn":"ADBE Vector Group","hd":false}],"ip":0,"op":28,"st":0,"bm":0}],"markers":[]}