{"v":"5.4.4","fr":24,"ip":0,"op":28,"w":50,"h":50,"nm":"good","ddd":0,"assets":[],"layers":[{"ddd":0,"ind":1,"ty":4,"nm":"Hand","sr":1,"ks":{"o":{"a":1,"k":[{"i":{"x":[0.833],"y":[0.833]},"o":{"x":[0.167],"y":[0.167]},"t":3,"s":[0],"e":[100]},{"i":{"x":[0.833],"y":[0.833]},"o":{"x":[0.167],"y":[0.167]},"t":5,"s":[100],"e":[100]},{"i":{"x":[0.833],"y":[0.833]},"o":{"x":[0.167],"y":[0.167]},"t":23,"s":[100],"e":[0]},{"t":25}],"ix":11},"r":{"a":1,"k":[{"i":{"x":[0.833],"y":[0.833]},"o":{"x":[0.167],"y":[0.167]},"t":5,"s":[-12],"e":[10]},{"i":{"x":[0.833],"y":[0.833]},"o":{"x":[0.167],"y":[0.167]},"t":10,"s":[10],"e":[0]},{"t":13}],"ix":10},"p":{"a":1,"k":[{"i":{"x":0.833,"y":0.833},"o":{"x":0.167,"y":0.167},"t":5,"s":[22.969,22.078,0],"e":[26,25.875,0],"to":[1.458,-0.227,0],"ti":[0.427,-0.846,0]},{"i":{"x":0.833,"y":0.833},"o":{"x":0.167,"y":0.167},"t":10,"s":[26,25.875,0],"e":[25,25,0],"to":[-0.267,0.529,0],"ti":[0.167,0.146,0]},{"t":13}],"ix":2},"a":{"a":0,"k":[25,25,0],"ix":1},"s":{"a":0,"k":[100,100,100],"ix":6}},"ao":0,"shapes":[{"ty":"gr","it":[{"ind":0,"ty":"sh","ix":1,"ks":{"a":1,"k":[{"i":{"x":0.833,"y":0.833},"o":{"x":0.167,"y":0.167},"t":5,"s":[{"i":[[0,0],[-11.384,0],[0,0.904],[0,0],[0,1.626],[0,0],[0,1.536],[0,0],[0,0.722],[1.626,0],[0,0],[-0.055,1.939],[0.686,2.205],[0.312,-1.956],[1.988,-2.349],[1.807,0]],"o":[[4.879,0],[8.583,0],[0,-0.994],[0,0],[0,-1.536],[0,0],[0,-1.626],[0,0],[0,-0.904],[0,0],[-2,0],[0.102,-2.624],[-0.473,-1.519],[-0.542,5.692],[-1.718,2.078],[0,0]],"v":[[-12.5,12.456],[2.652,14.456],[11.145,11.474],[10.603,9.757],[12.5,7.409],[11.054,5.331],[12.5,3.072],[10.874,0.904],[11.055,-0.993],[8.501,-2.543],[3.278,-2.543],[0.547,-5.123],[-0.215,-12.51],[-3.468,-12.166],[-8.189,-3.162],[-12.5,1.456]],"c":false}],"e":[{"i":[[0,0],[-11.384,0],[0,0.904],[0,0],[0,1.626],[0,0],[0,1.536],[0,0],[0,0.722],[1.626,0],[0,0],[-0.813,1.807],[1.175,1.988],[1.905,-1.41],[1.988,-2.349],[1.807,0]],"o":[[4.879,0],[8.583,0],[0,-0.994],[0,0],[0,-1.536],[0,0],[0,-1.626],[0,0],[0,-0.904],[0,0],[-2,0],[0.994,-2.078],[-0.723,-1.265],[-2.72,2.622],[-1.718,2.078],[0,0]],"v":[[-12.5,12.456],[2.652,14.456],[11.145,11.474],[10.603,9.757],[12.5,7.409],[11.054,5.331],[12.5,3.072],[10.874,0.904],[11.055,-0.993],[8.501,-2.543],[3.278,-2.543],[1.086,-5.186],[4.066,-11.197],[0.501,-11.135],[-8.189,-3.162],[-12.5,1.456]],"c":false}]},{"i":{"x":0.833,"y":0.833},"o":{"x":0.167,"y":0.167},"t":12,"s":[{"i":[[0,0],[-11.384,0],[0,0.904],[0,0],[0,1.626],[0,0],[0,1.536],[0,0],[0,0.722],[1.626,0],[0,0],[-0.813,1.807],[1.175,1.988],[1.905,-1.41],[1.988,-2.349],[1.807,0]],"o":[[4.879,0],[8.583,0],[0,-0.994],[0,0],[0,-1.536],[0,0],[0,-1.626],[0,0],[0,-0.904],[0,0],[-2,0],[0.994,-2.078],[-0.723,-1.265],[-2.72,2.622],[-1.718,2.078],[0,0]],"v":[[-12.5,12.456],[2.652,14.456],[11.145,11.474],[10.603,9.757],[12.5,7.409],[11.054,5.331],[12.5,3.072],[10.874,0.904],[11.055,-0.993],[8.501,-2.543],[3.278,-2.543],[1.086,-5.186],[4.066,-11.197],[0.501,-11.135],[-8.189,-3.162],[-12.5,1.456]],"c":false}],"e":[{"i":[[0,0],[-11.384,0],[0,0.904],[0,0],[0,1.626],[0,0],[0,1.536],[0,0],[0,0.722],[1.626,0],[0,0],[-0.813,1.807],[1.175,1.988],[0.271,-2.259],[1.988,-2.349],[1.807,0]],"o":[[4.879,0],[8.583,0],[0,-0.994],[0,0],[0,-1.536],[0,0],[0,-1.626],[0,0],[0,-0.904],[0,0],[-2,0],[0.994,-2.078],[-0.723,-1.265],[-0.542,5.692],[-1.718,2.078],[0,0]],"v":[[-12.5,12.456],[2.652,14.456],[11.145,11.474],[10.603,9.757],[12.5,7.409],[11.054,5.331],[12.5,3.072],[10.874,0.904],[11.055,-0.993],[8.501,-2.543],[3.278,-2.543],[0.742,-5.092],[1.754,-12.197],[-1.499,-12.197],[-8.189,-3.162],[-12.5,1.456]],"c":false}]},{"t":15}],"ix":2},"nm":"Path 1","mn":"ADBE Vector Shape - Group","hd":false},{"ty":"st","c":{"a":0,"k":[0,0,0,1],"ix":3},"o":{"a":0,"k":100,"ix":4},"w":{"a":0,"k":2,"ix":5},"lc":1,"lj":2,"bm":0,"nm":"Stroke 1","mn":"ADBE Vector Graphic - Stroke","hd":false},{"ty":"tr","p":{"a":0,"k":[24.5,22.544],"ix":2},"a":{"a":0,"k":[0,0],"ix":1},"s":{"a":0,"k":[100,100],"ix":3},"r":{"a":0,"k":0,"ix":6},"o":{"a":0,"k":100,"ix":7},"sk":{"a":0,"k":0,"ix":4},"sa":{"a":0,"k":0,"ix":5},"nm":"Transform"}],"nm":"Group 1","np":2,"cix":2,"bm":0,"ix":1,"mn":"ADBE Vector Group","hd":false}],"ip":0,"op":28,"st":0,"bm":0},{"ddd":0,"ind":2,"ty":4,"nm":"Circle","sr":1,"ks":{"o":{"a":0,"k":100,"ix":11},"r":{"a":0,"k":0,"ix":10},"p":{"a":0,"k":[25,25,0],"ix":2},"a":{"a":0,"k":[25,25,0],"ix":1},"s":{"a":0,"k":[100,100,100],"ix":6}},"ao":0,"shapes":[{"ty":"gr","it":[{"ind":0,"ty":"sh","ix":1,"ks":{"a":0,"k":{"i":[[12.1,0],[0,-12.1],[-12.1,0],[0,12.1]],"o":[[-12.1,0],[0,12.1],[12.1,0],[0,-12.1]],"v":[[0,-22],[-22,0],[0,22],[22,0]],"c":true},"ix":2},"nm":"Path 1","mn":"ADBE Vector Shape - Group","hd":false},{"ty":"st","c":{"a":0,"k":[0,0,0,1],"ix":3},"o":{"a":0,"k":100,"ix":4},"w":{"a":0,"k":2,"ix":5},"lc":2,"lj":2,"bm":0,"nm":"Stroke 1","mn":"ADBE Vector Graphic - Stroke","hd":false},{"ty":"tr","p":{"a":0,"k":[25,25],"ix":2},"a":{"a":0,"k":[0,0],"ix":1},"s":{"a":0,"k":[100,100],"ix":3},"r":{"a":0,"k":0,"ix":6},"o":{"a":0,"k":100,"ix":7},"sk":{"a":0,"k":0,"ix":4},"sa":{"a":0,"k":0,"ix":5},"nm":"Transform"}],"nm":"Group 2","np":2,"cix":2,"bm":0,"ix":1,"mn":"ADBE Vector Group","hd":false}],"ip":0,"op":28,"st":0,"bm":0}],"markers":[]}