{"v":"5.4.4","fr":24,"ip":0,"op":28,"w":50,"h":50,"nm":"trash","ddd":0,"assets":[],"layers":[{"ddd":0,"ind":1,"ty":4,"nm":"trash Outlines 2","sr":1,"ks":{"o":{"a":0,"k":100,"ix":11},"r":{"a":1,"k":[{"i":{"x":[0.833],"y":[0.833]},"o":{"x":[0.167],"y":[0.167]},"t":9,"s":[0],"e":[15]},{"i":{"x":[0.833],"y":[0.833]},"o":{"x":[0.167],"y":[0.167]},"t":15,"s":[15],"e":[0]},{"t":19}],"ix":10},"p":{"a":1,"k":[{"i":{"x":0.667,"y":0.807},"o":{"x":0.333,"y":0},"t":4,"s":[25,24.957,0],"e":[25,28.822,0],"to":[0,0.405,0],"ti":[0,-0.62,0]},{"i":{"x":0.667,"y":1},"o":{"x":0.333,"y":0.136},"t":9,"s":[25,28.822,0],"e":[21.125,23.5,0],"to":[0,0.176,0],"ti":[0,-0.023,0]},{"i":{"x":0.833,"y":0.833},"o":{"x":0.333,"y":0},"t":15,"s":[21.125,23.5,0],"e":[25,28.957,0],"to":[0,0.023,0],"ti":[0,-0.49,0]},{"i":{"x":0.697,"y":1},"o":{"x":0.167,"y":0.167},"t":19,"s":[25,28.957,0],"e":[25,24.957,0],"to":[0,0.191,0],"ti":[0,0.406,0]},{"t":24}],"ix":2},"a":{"a":0,"k":[25,25,0],"ix":1},"s":{"a":1,"k":[{"i":{"x":[0.667,0.667,0.667],"y":[1,1,1]},"o":{"x":[0.333,0.333,0.333],"y":[0,0,0]},"t":4,"s":[100,100,100],"e":[105,98,100]},{"i":{"x":[0.667,0.667,0.667],"y":[1,1,1]},"o":{"x":[0.333,0.333,0.333],"y":[0,0,0]},"t":9,"s":[105,98,100],"e":[96,100,100]},{"i":{"x":[0.833,0.833,0.833],"y":[0.833,0.833,1]},"o":{"x":[0.333,0.333,0.333],"y":[0,0,0]},"t":15,"s":[96,100,100],"e":[105,98,100]},{"i":{"x":[0.667,0.667,0.667],"y":[1,1,1]},"o":{"x":[0.167,0.167,0.167],"y":[0.167,0.167,0]},"t":19,"s":[105,98,100],"e":[100,100,100]},{"t":24}],"ix":6}},"ao":0,"shapes":[{"ty":"gr","it":[{"ind":0,"ty":"sh","ix":1,"ks":{"a":0,"k":{"i":[[0,0],[0,0]],"o":[[0,0],[0,0]],"v":[[8,8],[42,8]],"c":false},"ix":2},"nm":"Path 1","mn":"ADBE Vector Shape - Group","hd":false},{"ty":"st","c":{"a":0,"k":[0,0,0,1],"ix":3},"o":{"a":0,"k":100,"ix":4},"w":{"a":0,"k":2,"ix":5},"lc":2,"lj":1,"ml":10,"bm":0,"nm":"Stroke 1","mn":"ADBE Vector Graphic - Stroke","hd":false},{"ty":"tr","p":{"a":0,"k":[0,0],"ix":2},"a":{"a":0,"k":[0,0],"ix":1},"s":{"a":0,"k":[100,100],"ix":3},"r":{"a":0,"k":0,"ix":6},"o":{"a":0,"k":100,"ix":7},"sk":{"a":0,"k":0,"ix":4},"sa":{"a":0,"k":0,"ix":5},"nm":"Transform"}],"nm":"Group 5","np":2,"cix":2,"bm":0,"ix":1,"mn":"ADBE Vector Group","hd":false},{"ty":"gr","it":[{"ind":0,"ty":"sh","ix":1,"ks":{"a":0,"k":{"i":[[0,0],[0,0],[-1.1,0],[0,0],[0,-1.1],[0,0]],"o":[[0,0],[0,-1.1],[0,0],[1.1,0],[0,0],[0,0]],"v":[[-6,2.5],[-6,-0.5],[-4,-2.5],[4,-2.5],[6,-0.5],[6,2.5]],"c":false},"ix":2},"nm":"Path 1","mn":"ADBE Vector Shape - Group","hd":false},{"ty":"st","c":{"a":0,"k":[0,0,0,1],"ix":3},"o":{"a":0,"k":100,"ix":4},"w":{"a":0,"k":2,"ix":5},"lc":2,"lj":1,"ml":10,"bm":0,"nm":"Stroke 1","mn":"ADBE Vector Graphic - Stroke","hd":false},{"ty":"tr","p":{"a":0,"k":[25,5.5],"ix":2},"a":{"a":0,"k":[0,0],"ix":1},"s":{"a":0,"k":[100,100],"ix":3},"r":{"a":0,"k":0,"ix":6},"o":{"a":0,"k":100,"ix":7},"sk":{"a":0,"k":0,"ix":4},"sa":{"a":0,"k":0,"ix":5},"nm":"Transform"}],"nm":"Group 6","np":2,"cix":2,"bm":0,"ix":2,"mn":"ADBE Vector Group","hd":false}],"ip":0,"op":28,"st":0,"bm":0},{"ddd":0,"ind":2,"ty":4,"nm":"trash Outlines","sr":1,"ks":{"o":{"a":0,"k":100,"ix":11},"r":{"a":0,"k":0,"ix":10},"p":{"a":1,"k":[{"i":{"x":0.833,"y":0.833},"o":{"x":0.167,"y":0.167},"t":9,"s":[25,47,0],"e":[25,49,0],"to":[0,0.333,0],"ti":[0,0,0]},{"i":{"x":0.833,"y":0.833},"o":{"x":0.167,"y":0.167},"t":15,"s":[25,49,0],"e":[25,47,0],"to":[0,0,0],"ti":[0,0.333,0]},{"t":19}],"ix":2},"a":{"a":0,"k":[25,47,0],"ix":1},"s":{"a":1,"k":[{"i":{"x":[0.667,0.667,0.667],"y":[1,1,1]},"o":{"x":[0.333,0.333,0.333],"y":[0,0,0]},"t":4,"s":[100,100,100],"e":[101,88,100]},{"i":{"x":[0.667,0.667,0.667],"y":[1,1,1]},"o":{"x":[0.333,0.333,0.333],"y":[0,0,0]},"t":9,"s":[101,88,100],"e":[96,96,100]},{"i":{"x":[0.667,0.667,0.667],"y":[1,1,1]},"o":{"x":[0.333,0.333,0.333],"y":[0,0,0]},"t":15,"s":[96,96,100],"e":[101,88,100]},{"i":{"x":[0.667,0.667,0.667],"y":[1,1,1]},"o":{"x":[0.333,0.333,0.333],"y":[0,0,0]},"t":19,"s":[101,88,100],"e":[100,100,100]},{"t":24}],"ix":6}},"ao":0,"shapes":[{"ty":"gr","it":[{"ind":0,"ty":"sh","ix":1,"ks":{"a":1,"k":[{"i":{"x":0.833,"y":0.833},"o":{"x":0.167,"y":0.167},"t":4,"s":[{"i":[[0,0],[0,0],[0,0],[1.1,0],[0,0],[0,1.1],[0,0],[0,0]],"o":[[0,0],[0,0],[0,1.1],[0,0],[-1.1,0],[0,0],[0,0],[0,0]],"v":[[15,-19.5],[15,0.133],[15,17.5],[13,19.5],[-13,19.5],[-15,17.5],[-15,2.354],[-15,-19.5]],"c":false}],"e":[{"i":[[0,0],[-0.099,-4.403],[0,0],[1.1,0],[0,0],[0,1.1],[0,5.711],[0,0]],"o":[[0,0],[0.099,4.403],[0,1.1],[0,0],[-1.1,0],[0,0],[0,-6.64],[0,0]],"v":[[15,-19.5],[15.99,0.04],[15,17.5],[13,19.5],[-13,19.5],[-15,17.5],[-15.99,0.395],[-15,-19.5]],"c":false}]},{"i":{"x":0.833,"y":0.833},"o":{"x":0.167,"y":0.167},"t":9,"s":[{"i":[[0,0],[-0.099,-4.403],[0,0],[1.1,0],[0,0],[0,1.1],[0,5.711],[0,0]],"o":[[0,0],[0.099,4.403],[0,1.1],[0,0],[-1.1,0],[0,0],[0,-6.64],[0,0]],"v":[[15,-19.5],[15.99,0.04],[15,17.5],[13,19.5],[-13,19.5],[-15,17.5],[-15.99,0.395],[-15,-19.5]],"c":false}],"e":[{"i":[[0,0],[-0.053,-8.39],[0,0],[1.1,0],[0,0],[0,1.1],[0.053,7.42],[0,0]],"o":[[0,0],[0.047,7.372],[0,1.1],[0,0],[-1.1,0],[0,0],[-0.056,-7.83],[0,0]],"v":[[15,-19.5],[14.299,0.176],[15,17.5],[13,19.5],[-13,19.5],[-15,17.5],[-14.299,-0.004],[-15,-19.5]],"c":false}]},{"i":{"x":0.833,"y":0.833},"o":{"x":0.167,"y":0.167},"t":15,"s":[{"i":[[0,0],[-0.053,-8.39],[0,0],[1.1,0],[0,0],[0,1.1],[0.053,7.42],[0,0]],"o":[[0,0],[0.047,7.372],[0,1.1],[0,0],[-1.1,0],[0,0],[-0.056,-7.83],[0,0]],"v":[[15,-19.5],[14.299,0.176],[15,17.5],[13,19.5],[-13,19.5],[-15,17.5],[-14.299,-0.004],[-15,-19.5]],"c":false}],"e":[{"i":[[0,0],[-0.099,-4.403],[0,0],[1.1,0],[0,0],[0,1.1],[0,5.711],[0,0]],"o":[[0,0],[0.099,4.403],[0,1.1],[0,0],[-1.1,0],[0,0],[0,-6.64],[0,0]],"v":[[15,-19.5],[15.99,0.04],[15,17.5],[13,19.5],[-13,19.5],[-15,17.5],[-15.99,0.395],[-15,-19.5]],"c":false}]},{"i":{"x":0.833,"y":0.833},"o":{"x":0.167,"y":0.167},"t":19,"s":[{"i":[[0,0],[-0.099,-4.403],[0,0],[1.1,0],[0,0],[0,1.1],[0,5.711],[0,0]],"o":[[0,0],[0.099,4.403],[0,1.1],[0,0],[-1.1,0],[0,0],[0,-6.64],[0,0]],"v":[[15,-19.5],[15.99,0.04],[15,17.5],[13,19.5],[-13,19.5],[-15,17.5],[-15.99,0.395],[-15,-19.5]],"c":false}],"e":[{"i":[[0,0],[0,0],[0,0],[1.1,0],[0,0],[0,1.1],[0,0],[0,0]],"o":[[0,0],[0,0],[0,1.1],[0,0],[-1.1,0],[0,0],[0,0],[0,0]],"v":[[15,-19.5],[15,0.133],[15,17.5],[13,19.5],[-13,19.5],[-15,17.5],[-15,2.354],[-15,-19.5]],"c":false}]},{"t":24}],"ix":2},"nm":"Path 1","mn":"ADBE Vector Shape - Group","hd":false},{"ty":"st","c":{"a":0,"k":[0,0,0,1],"ix":3},"o":{"a":0,"k":100,"ix":4},"w":{"a":0,"k":2,"ix":5},"lc":2,"lj":1,"ml":10,"bm":0,"nm":"Stroke 1","mn":"ADBE Vector Graphic - Stroke","hd":false},{"ty":"tr","p":{"a":0,"k":[25,27.5],"ix":2},"a":{"a":0,"k":[0,0],"ix":1},"s":{"a":0,"k":[100,100],"ix":3},"r":{"a":0,"k":0,"ix":6},"o":{"a":0,"k":100,"ix":7},"sk":{"a":0,"k":0,"ix":4},"sa":{"a":0,"k":0,"ix":5},"nm":"Transform"}],"nm":"Group 1","np":2,"cix":2,"bm":0,"ix":1,"mn":"ADBE Vector Group","hd":false},{"ty":"gr","it":[{"ind":0,"ty":"sh","ix":1,"ks":{"a":0,"k":{"i":[[0,0],[0,0]],"o":[[0,0],[0,0]],"v":[[19,15],[19,40]],"c":false},"ix":2},"nm":"Path 1","mn":"ADBE Vector Shape - Group","hd":false},{"ty":"st","c":{"a":0,"k":[0,0,0,1],"ix":3},"o":{"a":0,"k":100,"ix":4},"w":{"a":0,"k":2,"ix":5},"lc":2,"lj":1,"ml":10,"bm":0,"nm":"Stroke 1","mn":"ADBE Vector Graphic - Stroke","hd":false},{"ty":"tr","p":{"a":0,"k":[0,0],"ix":2},"a":{"a":0,"k":[0,0],"ix":1},"s":{"a":0,"k":[100,100],"ix":3},"r":{"a":0,"k":0,"ix":6},"o":{"a":0,"k":100,"ix":7},"sk":{"a":0,"k":0,"ix":4},"sa":{"a":0,"k":0,"ix":5},"nm":"Transform"}],"nm":"Group 2","np":2,"cix":2,"bm":0,"ix":2,"mn":"ADBE Vector Group","hd":false},{"ty":"gr","it":[{"ind":0,"ty":"sh","ix":1,"ks":{"a":0,"k":{"i":[[0,0],[0,0]],"o":[[0,0],[0,0]],"v":[[31,15],[31,40]],"c":false},"ix":2},"nm":"Path 1","mn":"ADBE Vector Shape - Group","hd":false},{"ty":"st","c":{"a":0,"k":[0,0,0,1],"ix":3},"o":{"a":0,"k":100,"ix":4},"w":{"a":0,"k":2,"ix":5},"lc":2,"lj":1,"ml":10,"bm":0,"nm":"Stroke 1","mn":"ADBE Vector Graphic - Stroke","hd":false},{"ty":"tr","p":{"a":0,"k":[0,0],"ix":2},"a":{"a":0,"k":[0,0],"ix":1},"s":{"a":0,"k":[100,100],"ix":3},"r":{"a":0,"k":0,"ix":6},"o":{"a":0,"k":100,"ix":7},"sk":{"a":0,"k":0,"ix":4},"sa":{"a":0,"k":0,"ix":5},"nm":"Transform"}],"nm":"Group 3","np":2,"cix":2,"bm":0,"ix":3,"mn":"ADBE Vector Group","hd":false},{"ty":"gr","it":[{"ind":0,"ty":"sh","ix":1,"ks":{"a":0,"k":{"i":[[0,0],[0,0]],"o":[[0,0],[0,0]],"v":[[25,15],[25,40]],"c":false},"ix":2},"nm":"Path 1","mn":"ADBE Vector Shape - Group","hd":false},{"ty":"st","c":{"a":0,"k":[0,0,0,1],"ix":3},"o":{"a":0,"k":100,"ix":4},"w":{"a":0,"k":2,"ix":5},"lc":2,"lj":1,"ml":10,"bm":0,"nm":"Stroke 1","mn":"ADBE Vector Graphic - Stroke","hd":false},{"ty":"tr","p":{"a":0,"k":[0,0],"ix":2},"a":{"a":0,"k":[0,0],"ix":1},"s":{"a":0,"k":[100,100],"ix":3},"r":{"a":0,"k":0,"ix":6},"o":{"a":0,"k":100,"ix":7},"sk":{"a":0,"k":0,"ix":4},"sa":{"a":0,"k":0,"ix":5},"nm":"Transform"}],"nm":"Group 4","np":2,"cix":2,"bm":0,"ix":4,"mn":"ADBE Vector Group","hd":false}],"ip":0,"op":28,"st":0,"bm":0}],"markers":[]}