{"v":"5.4.4","fr":24,"ip":0,"op":28,"w":50,"h":50,"nm":"Thumb","ddd":0,"assets":[],"layers":[{"ddd":0,"ind":1,"ty":4,"nm":"Thumb 2","sr":1,"ks":{"o":{"a":0,"k":100,"ix":11},"r":{"a":0,"k":0,"ix":10},"p":{"a":0,"k":[25,25,0],"ix":2},"a":{"a":0,"k":[25,25,0],"ix":1},"s":{"a":0,"k":[100,100,100],"ix":6}},"ao":0,"shapes":[{"ty":"gr","it":[{"ind":0,"ty":"sh","ix":1,"ks":{"a":1,"k":[{"i":{"x":0.833,"y":0.833},"o":{"x":0.333,"y":0},"t":9,"s":[{"i":[[0,0],[1.006,0.019],[0.906,0.006],[1.1,0],[1.581,0.844],[0,0],[0,1.7],[0,0],[-4.4,0],[0,0],[0,-1.3],[0,0],[0,-2.4],[0,0],[0,-2.1],[0,0],[0,-1],[2.3,0]],"o":[[0,0],[-0.949,-0.018],[-0.687,0.006],[-0.8,0],[0,0],[-1,-1.4],[0,0],[0,-4.4],[0,0],[2.5,0],[0,1.5],[0,0],[0,2.1],[0,0],[0,2.3],[0,0],[0,1.3],[-3.4,0.1]],"v":[[-3.1,4.5],[-4.6,4.512],[-6.563,4.525],[-8.813,4.5],[-13.269,3.594],[-15,2.6],[-16.5,-2.1],[-16.5,-11.5],[-8.5,-19.5],[10.5,-19.5],[14.5,-16.2],[13.8,-13.7],[16.5,-10.3],[14.5,-7.4],[16.5,-4.2],[14.2,-1.1],[14.5,1.6],[10.9,4.4]],"c":true}],"e":[{"i":[[0,0],[-0.5,-1.4],[0,-0.9],[1.1,0],[0.6,1],[0,0],[0,1.7],[0,0],[-4.4,0],[0,0],[0,-1.3],[0,0],[0,-2.4],[0,0],[0,-2.1],[0,0],[0,-1],[2.3,0]],"o":[[0,0],[0.3,0.9],[0,2.6],[-0.8,0],[0,0],[-1,-1.4],[0,0],[0,-4.4],[0,0],[2.5,0],[0,1.5],[0,0],[0,2.1],[0,0],[0,2.3],[0,0],[0,1.3],[-3.4,0.1]],"v":[[-3.1,4.5],[0.9,13.7],[1.5,15.9],[-1.5,19.5],[-3.8,18],[-15,2.6],[-16.5,-2.1],[-16.5,-11.5],[-8.5,-19.5],[10.5,-19.5],[14.5,-16.2],[13.8,-13.7],[16.5,-10.3],[14.5,-7.4],[16.5,-4.2],[14.2,-1.1],[14.5,1.6],[10.9,4.4]],"c":true}]},{"i":{"x":0.833,"y":0.833},"o":{"x":0.167,"y":0.167},"t":11,"s":[{"i":[[0,0],[-0.5,-1.4],[0,-0.9],[1.1,0],[0.6,1],[0,0],[0,1.7],[0,0],[-4.4,0],[0,0],[0,-1.3],[0,0],[0,-2.4],[0,0],[0,-2.1],[0,0],[0,-1],[2.3,0]],"o":[[0,0],[0.3,0.9],[0,2.6],[-0.8,0],[0,0],[-1,-1.4],[0,0],[0,-4.4],[0,0],[2.5,0],[0,1.5],[0,0],[0,2.1],[0,0],[0,2.3],[0,0],[0,1.3],[-3.4,0.1]],"v":[[-3.1,4.5],[0.9,13.7],[1.5,15.9],[-1.5,19.5],[-3.8,18],[-15,2.6],[-16.5,-2.1],[-16.5,-11.5],[-8.5,-19.5],[10.5,-19.5],[14.5,-16.2],[13.8,-13.7],[16.5,-10.3],[14.5,-7.4],[16.5,-4.2],[14.2,-1.1],[14.5,1.6],[10.9,4.4]],"c":true}],"e":[{"i":[[0,0],[-0.5,-1.4],[0,-0.9],[1.1,0],[0.6,1],[0,0],[0,1.7],[0,0],[-4.4,0],[0,0],[0,-1.3],[0,0],[0,-2.4],[0,0],[0,-2.1],[0,0],[0,-1],[2.3,0]],"o":[[0,0],[0.3,0.9],[0,2.6],[-0.8,0],[0,0],[-1,-1.4],[0,0],[0,-4.4],[0,0],[2.5,0],[0,1.5],[0,0],[0,2.1],[0,0],[0,2.3],[0,0],[0,1.3],[-3.4,0.1]],"v":[[-3.1,4.5],[0.9,13.7],[1.5,15.9],[-1.5,19.5],[-3.8,18],[-15,2.6],[-16.5,-2.1],[-16.5,-11.5],[-8.5,-19.5],[10.5,-19.5],[14.5,-16.2],[13.8,-13.7],[16.5,-10.3],[14.5,-7.4],[16.5,-4.2],[14.2,-1.1],[14.5,1.6],[10.9,4.4]],"c":true}]},{"i":{"x":0.667,"y":1},"o":{"x":0.167,"y":0.167},"t":17,"s":[{"i":[[0,0],[-0.5,-1.4],[0,-0.9],[1.1,0],[0.6,1],[0,0],[0,1.7],[0,0],[-4.4,0],[0,0],[0,-1.3],[0,0],[0,-2.4],[0,0],[0,-2.1],[0,0],[0,-1],[2.3,0]],"o":[[0,0],[0.3,0.9],[0,2.6],[-0.8,0],[0,0],[-1,-1.4],[0,0],[0,-4.4],[0,0],[2.5,0],[0,1.5],[0,0],[0,2.1],[0,0],[0,2.3],[0,0],[0,1.3],[-3.4,0.1]],"v":[[-3.1,4.5],[0.9,13.7],[1.5,15.9],[-1.5,19.5],[-3.8,18],[-15,2.6],[-16.5,-2.1],[-16.5,-11.5],[-8.5,-19.5],[10.5,-19.5],[14.5,-16.2],[13.8,-13.7],[16.5,-10.3],[14.5,-7.4],[16.5,-4.2],[14.2,-1.1],[14.5,1.6],[10.9,4.4]],"c":true}],"e":[{"i":[[0,0],[1.006,0.019],[0.906,0.006],[1.1,0],[1.581,0.844],[0,0],[0,1.7],[0,0],[-4.4,0],[0,0],[0,-1.3],[0,0],[0,-2.4],[0,0],[0,-2.1],[0,0],[0,-1],[2.3,0]],"o":[[0,0],[-0.949,-0.018],[-0.687,0.006],[-0.8,0],[0,0],[-1,-1.4],[0,0],[0,-4.4],[0,0],[2.5,0],[0,1.5],[0,0],[0,2.1],[0,0],[0,2.3],[0,0],[0,1.3],[-3.4,0.1]],"v":[[-3.1,4.5],[-4.6,4.512],[-6.563,4.525],[-8.813,4.5],[-13.269,3.594],[-15,2.6],[-16.5,-2.1],[-16.5,-11.5],[-8.5,-19.5],[10.5,-19.5],[14.5,-16.2],[13.8,-13.7],[16.5,-10.3],[14.5,-7.4],[16.5,-4.2],[14.2,-1.1],[14.5,1.6],[10.9,4.4]],"c":true}]},{"t":19}],"ix":2},"nm":"Path 1","mn":"ADBE Vector Shape - Group","hd":false},{"ty":"st","c":{"a":0,"k":[0,0,0,1],"ix":3},"o":{"a":0,"k":100,"ix":4},"w":{"a":0,"k":2,"ix":5},"lc":2,"lj":2,"bm":0,"nm":"Stroke 1","mn":"ADBE Vector Graphic - Stroke","hd":false},{"ty":"tr","p":{"a":0,"k":[25.5,25.5],"ix":2},"a":{"a":0,"k":[0,0],"ix":1},"s":{"a":1,"k":[{"i":{"x":[0.667,0.667],"y":[1,1]},"o":{"x":[0.333,0.333],"y":[0,0]},"t":7,"s":[90,90],"e":[110,110]},{"i":{"x":[0.833,0.833],"y":[0.833,0.833]},"o":{"x":[0.333,0.333],"y":[0,0]},"t":9,"s":[110,110],"e":[100,100]},{"i":{"x":[0.833,0.833],"y":[0.833,0.833]},"o":{"x":[0.167,0.167],"y":[0.167,0.167]},"t":11,"s":[100,100],"e":[100,100]},{"i":{"x":[0.667,0.667],"y":[1,1]},"o":{"x":[0.167,0.167],"y":[0.167,0.167]},"t":17,"s":[100,100],"e":[110,110]},{"i":{"x":[0.667,0.667],"y":[1,1]},"o":{"x":[0.333,0.333],"y":[0,0]},"t":19,"s":[110,110],"e":[90,90]},{"t":21}],"ix":3},"r":{"a":0,"k":0,"ix":6},"o":{"a":0,"k":100,"ix":7},"sk":{"a":0,"k":0,"ix":4},"sa":{"a":0,"k":0,"ix":5},"nm":"Transform"}],"nm":"Group 1","np":2,"cix":2,"bm":0,"ix":1,"mn":"ADBE Vector Group","hd":false}],"ip":7,"op":21,"st":0,"bm":0},{"ddd":0,"ind":2,"ty":4,"nm":"Thumb 3","sr":1,"ks":{"o":{"a":0,"k":100,"ix":11},"r":{"a":0,"k":0,"ix":10},"p":{"a":0,"k":[25,25,0],"ix":2},"a":{"a":0,"k":[25,25,0],"ix":1},"s":{"a":0,"k":[100,100,100],"ix":6}},"ao":0,"shapes":[{"ty":"gr","it":[{"ind":0,"ty":"sh","ix":1,"ks":{"a":1,"k":[{"i":{"x":0.667,"y":1},"o":{"x":0.333,"y":0},"t":23,"s":[{"i":[[0,0],[1.475,-0.019],[1.313,0.007],[1.1,0],[1.206,-0.469],[0,0],[0,-1.7],[0,0],[-4.4,0],[0,0],[0,1.3],[0,0],[0,2.4],[0,0],[0,2.1],[0,0],[0,1],[2.3,0]],"o":[[0,0],[-0.854,0.011],[-1.25,-0.006],[-0.8,0],[0,0],[-1,1.4],[0,0],[0,4.4],[0,0],[2.5,0],[0,-1.5],[0,0],[0,-2.1],[0,0],[0,-2.3],[0,0],[0,-1.3],[-3.4,-0.1]],"v":[[-3.1,-5.5],[-5.413,-5.512],[-7.625,-5.525],[-10,-5.5],[-13.331,-5.063],[-15,-3.6],[-16.5,1.1],[-16.5,10.5],[-8.5,18.5],[10.5,18.5],[14.5,15.2],[13.8,12.7],[16.5,9.3],[14.5,6.4],[16.5,3.2],[14.2,0.1],[14.5,-2.6],[10.9,-5.4]],"c":true}],"e":[{"i":[[0,0],[-0.5,1.4],[0,0.9],[1.1,0],[0.6,-1],[0,0],[0,-1.7],[0,0],[-4.4,0],[0,0],[0,1.3],[0,0],[0,2.4],[0,0],[0,2.1],[0,0],[0,1],[2.3,0]],"o":[[0,0],[0.3,-0.8],[0,-2.6],[-0.8,0],[0,0],[-1,1.4],[0,0],[0,4.4],[0,0],[2.5,0],[0,-1.5],[0,0],[0,-2.1],[0,0],[0,-2.3],[0,0],[0,-1.3],[-3.4,-0.1]],"v":[[-3.1,-5.5],[0.9,-14.7],[1.5,-16.9],[-1.5,-20.5],[-3.8,-19],[-15,-3.6],[-16.5,1.1],[-16.5,10.5],[-8.5,18.5],[10.5,18.5],[14.5,15.2],[13.8,12.7],[16.5,9.3],[14.5,6.4],[16.5,3.2],[14.2,0.1],[14.5,-2.6],[10.9,-5.4]],"c":true}]},{"t":25}],"ix":2},"nm":"Path 1","mn":"ADBE Vector Shape - Group","hd":false},{"ty":"st","c":{"a":0,"k":[0,0,0,1],"ix":3},"o":{"a":0,"k":100,"ix":4},"w":{"a":0,"k":2,"ix":5},"lc":2,"lj":2,"bm":0,"nm":"Stroke 1","mn":"ADBE Vector Graphic - Stroke","hd":false},{"ty":"tr","p":{"a":1,"k":[{"i":{"x":0.667,"y":1},"o":{"x":0.333,"y":0},"t":21,"s":[25.5,11.5],"e":[25.5,25.5],"to":[0,2.333],"ti":[0,-2.333]},{"t":24}],"ix":2},"a":{"a":0,"k":[0,0],"ix":1},"s":{"a":1,"k":[{"i":{"x":[0.667,0.667],"y":[1,1]},"o":{"x":[0.333,0.333],"y":[0,0]},"t":21,"s":[90,90],"e":[110,110]},{"i":{"x":[0.667,0.667],"y":[1,1]},"o":{"x":[0.333,0.333],"y":[0,0]},"t":24,"s":[110,110],"e":[100,100]},{"t":25}],"ix":3},"r":{"a":0,"k":0,"ix":6},"o":{"a":0,"k":100,"ix":7},"sk":{"a":0,"k":0,"ix":4},"sa":{"a":0,"k":0,"ix":5},"nm":"Transform"}],"nm":"Group 1","np":2,"cix":2,"bm":0,"ix":1,"mn":"ADBE Vector Group","hd":false}],"ip":21,"op":28,"st":20,"bm":0},{"ddd":0,"ind":3,"ty":4,"nm":"Thumb 1","sr":1,"ks":{"o":{"a":0,"k":100,"ix":11},"r":{"a":0,"k":0,"ix":10},"p":{"a":0,"k":[25,25,0],"ix":2},"a":{"a":0,"k":[25,25,0],"ix":1},"s":{"a":0,"k":[100,100,100],"ix":6}},"ao":0,"shapes":[{"ty":"gr","it":[{"ind":0,"ty":"sh","ix":1,"ks":{"a":1,"k":[{"i":{"x":0.667,"y":1},"o":{"x":0.333,"y":0},"t":3,"s":[{"i":[[0,0],[-0.5,1.4],[0,0.9],[1.1,0],[0.6,-1],[0,0],[0,-1.7],[0,0],[-4.4,0],[0,0],[0,1.3],[0,0],[0,2.4],[0,0],[0,2.1],[0,0],[0,1],[2.3,0]],"o":[[0,0],[0.3,-0.8],[0,-2.6],[-0.8,0],[0,0],[-1,1.4],[0,0],[0,4.4],[0,0],[2.5,0],[0,-1.5],[0,0],[0,-2.1],[0,0],[0,-2.3],[0,0],[0,-1.3],[-3.4,-0.1]],"v":[[-3.1,-5.5],[0.9,-14.7],[1.5,-16.9],[-1.5,-20.5],[-3.8,-19],[-15,-3.6],[-16.5,1.1],[-16.5,10.5],[-8.5,18.5],[10.5,18.5],[14.5,15.2],[13.8,12.7],[16.5,9.3],[14.5,6.4],[16.5,3.2],[14.2,0.1],[14.5,-2.6],[10.9,-5.4]],"c":true}],"e":[{"i":[[0,0],[1.475,-0.019],[1.313,0.007],[1.1,0],[1.206,-0.469],[0,0],[0,-1.7],[0,0],[-4.4,0],[0,0],[0,1.3],[0,0],[0,2.4],[0,0],[0,2.1],[0,0],[0,1],[2.3,0]],"o":[[0,0],[-0.854,0.011],[-1.25,-0.006],[-0.8,0],[0,0],[-1,1.4],[0,0],[0,4.4],[0,0],[2.5,0],[0,-1.5],[0,0],[0,-2.1],[0,0],[0,-2.3],[0,0],[0,-1.3],[-3.4,-0.1]],"v":[[-3.1,-5.5],[-5.413,-5.512],[-7.625,-5.525],[-10,-5.5],[-13.331,-5.063],[-15,-3.6],[-16.5,1.1],[-16.5,10.5],[-8.5,18.5],[10.5,18.5],[14.5,15.2],[13.8,12.7],[16.5,9.3],[14.5,6.4],[16.5,3.2],[14.2,0.1],[14.5,-2.6],[10.9,-5.4]],"c":true}]},{"t":5}],"ix":2},"nm":"Path 1","mn":"ADBE Vector Shape - Group","hd":false},{"ty":"st","c":{"a":0,"k":[0,0,0,1],"ix":3},"o":{"a":0,"k":100,"ix":4},"w":{"a":0,"k":2,"ix":5},"lc":2,"lj":2,"bm":0,"nm":"Stroke 1","mn":"ADBE Vector Graphic - Stroke","hd":false},{"ty":"tr","p":{"a":1,"k":[{"i":{"x":0.667,"y":1},"o":{"x":0.333,"y":0},"t":4,"s":[25.5,25.5],"e":[25.5,11.5],"to":[0,-2.333],"ti":[0,2.333]},{"t":7}],"ix":2},"a":{"a":0,"k":[0,0],"ix":1},"s":{"a":1,"k":[{"i":{"x":[0.667,0.667],"y":[1,1]},"o":{"x":[0.333,0.333],"y":[0,0]},"t":3,"s":[100,100],"e":[110,110]},{"i":{"x":[0.667,0.667],"y":[1,1]},"o":{"x":[0.333,0.333],"y":[0,0]},"t":4,"s":[110,110],"e":[90,90]},{"t":7}],"ix":3},"r":{"a":0,"k":0,"ix":6},"o":{"a":0,"k":100,"ix":7},"sk":{"a":0,"k":0,"ix":4},"sa":{"a":0,"k":0,"ix":5},"nm":"Transform"}],"nm":"Group 1","np":2,"cix":2,"bm":0,"ix":1,"mn":"ADBE Vector Group","hd":false}],"ip":0,"op":7,"st":0,"bm":0}],"markers":[]}