{"v":"5.4.4","fr":24,"ip":0,"op":28,"w":50,"h":50,"nm":"Switch","ddd":0,"assets":[],"layers":[{"ddd":0,"ind":1,"ty":4,"nm":"Switch","sr":1,"ks":{"o":{"a":0,"k":100,"ix":11},"r":{"a":0,"k":0,"ix":10},"p":{"a":1,"k":[{"i":{"x":0.35,"y":1},"o":{"x":0.669,"y":0},"t":4,"s":[25,25,0],"e":[2,25,0],"to":[-3.833,0,0],"ti":[3.833,0,0]},{"i":{"x":0.35,"y":0.35},"o":{"x":0.333,"y":0.333},"t":10,"s":[2,25,0],"e":[2,25,0],"to":[0,0,0],"ti":[0,0,0]},{"i":{"x":0.667,"y":1},"o":{"x":0.333,"y":0},"t":18,"s":[2,25,0],"e":[25,25,0],"to":[3.833,0,0],"ti":[-3.833,0,0]},{"t":24}],"ix":2},"a":{"a":0,"k":[25,25,0],"ix":1},"s":{"a":0,"k":[100,100,100],"ix":6}},"ao":0,"shapes":[{"ty":"gr","it":[{"ind":0,"ty":"sh","ix":1,"ks":{"a":1,"k":[{"i":{"x":0.833,"y":0.833},"o":{"x":0.167,"y":0.167},"t":3,"s":[{"i":[[-1.105,0],[0,0],[0,1.105],[0,0],[1.105,0],[0,0],[0,-1.105],[0,0]],"o":[[0,0],[1.105,0],[0,0],[0,-1.105],[0,0],[-1.105,0],[0,0],[0,1.105]],"v":[[-10.5,13],[10.5,13],[12.5,11],[12.5,-11],[10.5,-13],[-10.5,-13],[-12.5,-11],[-12.5,11]],"c":true}],"e":[{"i":[[-1.105,0],[0,0],[0,1.105],[0,0],[1.105,0],[0,0],[0,-1.105],[0,0]],"o":[[0,0],[1.105,0],[0,0],[0,-1.105],[0,0],[-1.105,0],[0,0],[0,1.105]],"v":[[-7.75,13],[10.5,13],[12.5,11],[12.5,-11],[10.5,-13],[-7.75,-13],[-9.75,-11],[-9.75,11]],"c":true}]},{"i":{"x":0.833,"y":0.833},"o":{"x":0.167,"y":0.167},"t":5,"s":[{"i":[[-1.105,0],[0,0],[0,1.105],[0,0],[1.105,0],[0,0],[0,-1.105],[0,0]],"o":[[0,0],[1.105,0],[0,0],[0,-1.105],[0,0],[-1.105,0],[0,0],[0,1.105]],"v":[[-7.75,13],[10.5,13],[12.5,11],[12.5,-11],[10.5,-13],[-7.75,-13],[-9.75,-11],[-9.75,11]],"c":true}],"e":[{"i":[[-1.105,0],[0,0],[0,1.105],[0,0],[1.105,0],[0,0],[0,-1.105],[0,0]],"o":[[0,0],[1.105,0],[0,0],[0,-1.105],[0,0],[-1.105,0],[0,0],[0,1.105]],"v":[[-10.5,13],[10.5,13],[12.5,11],[12.5,-11],[10.5,-13],[-10.5,-13],[-12.5,-11],[-12.5,11]],"c":true}]},{"i":{"x":0.833,"y":0.833},"o":{"x":0.167,"y":0.167},"t":7,"s":[{"i":[[-1.105,0],[0,0],[0,1.105],[0,0],[1.105,0],[0,0],[0,-1.105],[0,0]],"o":[[0,0],[1.105,0],[0,0],[0,-1.105],[0,0],[-1.105,0],[0,0],[0,1.105]],"v":[[-10.5,13],[10.5,13],[12.5,11],[12.5,-11],[10.5,-13],[-10.5,-13],[-12.5,-11],[-12.5,11]],"c":true}],"e":[{"i":[[-1.105,0],[0,0],[0,1.105],[0,0],[1.105,0],[0,0],[0,-1.105],[0,0]],"o":[[0,0],[1.105,0],[0,0],[0,-1.105],[0,0],[-1.105,0],[0,0],[0,1.105]],"v":[[-10.717,13],[8.583,13],[10.583,11],[10.583,-11],[8.583,-13],[-10.717,-13],[-12.717,-11],[-12.717,11]],"c":true}]},{"i":{"x":0.833,"y":0.833},"o":{"x":0.167,"y":0.167},"t":9,"s":[{"i":[[-1.105,0],[0,0],[0,1.105],[0,0],[1.105,0],[0,0],[0,-1.105],[0,0]],"o":[[0,0],[1.105,0],[0,0],[0,-1.105],[0,0],[-1.105,0],[0,0],[0,1.105]],"v":[[-10.717,13],[8.583,13],[10.583,11],[10.583,-11],[8.583,-13],[-10.717,-13],[-12.717,-11],[-12.717,11]],"c":true}],"e":[{"i":[[-1.105,0],[0,0],[0,1.105],[0,0],[1.105,0],[0,0],[0,-1.105],[0,0]],"o":[[0,0],[1.105,0],[0,0],[0,-1.105],[0,0],[-1.105,0],[0,0],[0,1.105]],"v":[[-10.5,13],[10.5,13],[12.5,11],[12.5,-11],[10.5,-13],[-10.5,-13],[-12.5,-11],[-12.5,11]],"c":true}]},{"i":{"x":0.833,"y":0.833},"o":{"x":0.167,"y":0.167},"t":11,"s":[{"i":[[-1.105,0],[0,0],[0,1.105],[0,0],[1.105,0],[0,0],[0,-1.105],[0,0]],"o":[[0,0],[1.105,0],[0,0],[0,-1.105],[0,0],[-1.105,0],[0,0],[0,1.105]],"v":[[-10.5,13],[10.5,13],[12.5,11],[12.5,-11],[10.5,-13],[-10.5,-13],[-12.5,-11],[-12.5,11]],"c":true}],"e":[{"i":[[-1.105,0],[0,0],[0,1.105],[0,0],[1.105,0],[0,0],[0,-1.105],[0,0]],"o":[[0,0],[1.105,0],[0,0],[0,-1.105],[0,0],[-1.105,0],[0,0],[0,1.105]],"v":[[-10.5,13],[10.5,13],[12.5,11],[12.5,-11],[10.5,-13],[-10.5,-13],[-12.5,-11],[-12.5,11]],"c":true}]},{"i":{"x":0.833,"y":0.833},"o":{"x":0.167,"y":0.167},"t":17,"s":[{"i":[[-1.105,0],[0,0],[0,1.105],[0,0],[1.105,0],[0,0],[0,-1.105],[0,0]],"o":[[0,0],[1.105,0],[0,0],[0,-1.105],[0,0],[-1.105,0],[0,0],[0,1.105]],"v":[[-10.5,13],[10.5,13],[12.5,11],[12.5,-11],[10.5,-13],[-10.5,-13],[-12.5,-11],[-12.5,11]],"c":true}],"e":[{"i":[[-1.105,0],[0,0],[0,1.105],[0,0],[1.105,0],[0,0],[0,-1.105],[0,0]],"o":[[0,0],[1.105,0],[0,0],[0,-1.105],[0,0],[-1.105,0],[0,0],[0,1.105]],"v":[[-10.717,13],[8.583,13],[10.583,11],[10.583,-11],[8.583,-13],[-10.717,-13],[-12.717,-11],[-12.717,11]],"c":true}]},{"i":{"x":0.833,"y":0.833},"o":{"x":0.167,"y":0.167},"t":19,"s":[{"i":[[-1.105,0],[0,0],[0,1.105],[0,0],[1.105,0],[0,0],[0,-1.105],[0,0]],"o":[[0,0],[1.105,0],[0,0],[0,-1.105],[0,0],[-1.105,0],[0,0],[0,1.105]],"v":[[-10.717,13],[8.583,13],[10.583,11],[10.583,-11],[8.583,-13],[-10.717,-13],[-12.717,-11],[-12.717,11]],"c":true}],"e":[{"i":[[-1.105,0],[0,0],[0,1.105],[0,0],[1.105,0],[0,0],[0,-1.105],[0,0]],"o":[[0,0],[1.105,0],[0,0],[0,-1.105],[0,0],[-1.105,0],[0,0],[0,1.105]],"v":[[-10.5,13],[10.5,13],[12.5,11],[12.5,-11],[10.5,-13],[-10.5,-13],[-12.5,-11],[-12.5,11]],"c":true}]},{"i":{"x":0.833,"y":0.833},"o":{"x":0.167,"y":0.167},"t":21,"s":[{"i":[[-1.105,0],[0,0],[0,1.105],[0,0],[1.105,0],[0,0],[0,-1.105],[0,0]],"o":[[0,0],[1.105,0],[0,0],[0,-1.105],[0,0],[-1.105,0],[0,0],[0,1.105]],"v":[[-10.5,13],[10.5,13],[12.5,11],[12.5,-11],[10.5,-13],[-10.5,-13],[-12.5,-11],[-12.5,11]],"c":true}],"e":[{"i":[[-1.105,0],[0,0],[0,1.105],[0,0],[1.105,0],[0,0],[0,-1.105],[0,0]],"o":[[0,0],[1.105,0],[0,0],[0,-1.105],[0,0],[-1.105,0],[0,0],[0,1.105]],"v":[[-7.75,13],[10.5,13],[12.5,11],[12.5,-11],[10.5,-13],[-7.75,-13],[-9.75,-11],[-9.75,11]],"c":true}]},{"i":{"x":0.833,"y":0.833},"o":{"x":0.167,"y":0.167},"t":23,"s":[{"i":[[-1.105,0],[0,0],[0,1.105],[0,0],[1.105,0],[0,0],[0,-1.105],[0,0]],"o":[[0,0],[1.105,0],[0,0],[0,-1.105],[0,0],[-1.105,0],[0,0],[0,1.105]],"v":[[-7.75,13],[10.5,13],[12.5,11],[12.5,-11],[10.5,-13],[-7.75,-13],[-9.75,-11],[-9.75,11]],"c":true}],"e":[{"i":[[-1.105,0],[0,0],[0,1.105],[0,0],[1.105,0],[0,0],[0,-1.105],[0,0]],"o":[[0,0],[1.105,0],[0,0],[0,-1.105],[0,0],[-1.105,0],[0,0],[0,1.105]],"v":[[-10.5,13],[10.5,13],[12.5,11],[12.5,-11],[10.5,-13],[-10.5,-13],[-12.5,-11],[-12.5,11]],"c":true}]},{"t":25}],"ix":2},"nm":"Path 1","mn":"ADBE Vector Shape - Group","hd":false},{"ty":"st","c":{"a":0,"k":[0,0,0,1],"ix":3},"o":{"a":0,"k":100,"ix":4},"w":{"a":0,"k":2,"ix":5},"lc":1,"lj":1,"ml":10,"bm":0,"nm":"Stroke 1","mn":"ADBE Vector Graphic - Stroke","hd":false},{"ty":"tr","p":{"a":0,"k":[36.5,25],"ix":2},"a":{"a":0,"k":[0,0],"ix":1},"s":{"a":0,"k":[100,100],"ix":3},"r":{"a":0,"k":0,"ix":6},"o":{"a":0,"k":100,"ix":7},"sk":{"a":0,"k":0,"ix":4},"sa":{"a":0,"k":0,"ix":5},"nm":"Transform"}],"nm":"Group 1","np":2,"cix":2,"bm":0,"ix":1,"mn":"ADBE Vector Group","hd":false}],"ip":0,"op":28,"st":0,"bm":0},{"ddd":0,"ind":2,"ty":4,"nm":"Base","sr":1,"ks":{"o":{"a":0,"k":100,"ix":11},"r":{"a":0,"k":0,"ix":10},"p":{"a":0,"k":[25,25,0],"ix":2},"a":{"a":0,"k":[25,25,0],"ix":1},"s":{"a":0,"k":[100,100,100],"ix":6}},"ao":0,"shapes":[{"ty":"gr","it":[{"ind":0,"ty":"sh","ix":1,"ks":{"a":0,"k":{"i":[[1.105,0],[0,0],[0,1.105],[0,0],[-1.105,0],[0,0],[0,-1.105],[0,0]],"o":[[0,0],[-1.105,0],[0,0],[0,-1.105],[0,0],[1.105,0],[0,0],[0,1.105]],"v":[[22,13],[-22,13],[-24,11],[-24,-11],[-22,-13],[22,-13],[24,-11],[24,11]],"c":true},"ix":2},"nm":"Path 1","mn":"ADBE Vector Shape - Group","hd":false},{"ty":"st","c":{"a":0,"k":[0,0,0,1],"ix":3},"o":{"a":0,"k":100,"ix":4},"w":{"a":0,"k":2,"ix":5},"lc":1,"lj":1,"ml":10,"bm":0,"nm":"Stroke 2","mn":"ADBE Vector Graphic - Stroke","hd":false},{"ty":"tr","p":{"a":0,"k":[25,25],"ix":2},"a":{"a":0,"k":[0,0],"ix":1},"s":{"a":0,"k":[100,100],"ix":3},"r":{"a":0,"k":0,"ix":6},"o":{"a":0,"k":100,"ix":7},"sk":{"a":0,"k":0,"ix":4},"sa":{"a":0,"k":0,"ix":5},"nm":"Transform"}],"nm":"Group 2","np":2,"cix":2,"bm":0,"ix":1,"mn":"ADBE Vector Group","hd":false}],"ip":0,"op":28,"st":0,"bm":0},{"ddd":0,"ind":3,"ty":4,"nm":"Mask","td":1,"sr":1,"ks":{"o":{"a":0,"k":100,"ix":11},"r":{"a":0,"k":0,"ix":10},"p":{"a":1,"k":[{"i":{"x":0.35,"y":1},"o":{"x":0.669,"y":0},"t":4,"s":[25,25,0],"e":[2,25,0],"to":[-3.833,0,0],"ti":[3.833,0,0]},{"i":{"x":0.35,"y":0.35},"o":{"x":0.333,"y":0.333},"t":10,"s":[2,25,0],"e":[2,25,0],"to":[0,0,0],"ti":[0,0,0]},{"i":{"x":0.667,"y":1},"o":{"x":0.333,"y":0},"t":18,"s":[2,25,0],"e":[25,25,0],"to":[3.833,0,0],"ti":[-3.833,0,0]},{"t":24}],"ix":2},"a":{"a":0,"k":[25,25,0],"ix":1},"s":{"a":0,"k":[100,100,100],"ix":6}},"ao":0,"shapes":[{"ty":"gr","it":[{"ind":0,"ty":"sh","ix":1,"ks":{"a":1,"k":[{"i":{"x":0.833,"y":0.833},"o":{"x":0.167,"y":0.167},"t":3,"s":[{"i":[[-1.105,0],[0,0],[0,1.105],[0,0],[1.105,0],[0,0],[0,-1.105],[0,0]],"o":[[0,0],[1.105,0],[0,0],[0,-1.105],[0,0],[-1.105,0],[0,0],[0,1.105]],"v":[[-10.5,13],[10.5,13],[12.5,11],[12.5,-11],[10.5,-13],[-10.5,-13],[-12.5,-11],[-12.5,11]],"c":true}],"e":[{"i":[[-1.105,0],[0,0],[0,1.105],[0,0],[1.105,0],[0,0],[0,-1.105],[0,0]],"o":[[0,0],[1.105,0],[0,0],[0,-1.105],[0,0],[-1.105,0],[0,0],[0,1.105]],"v":[[-8.477,13],[12.5,13],[14.5,11],[14.5,-11],[12.5,-13],[-8.477,-13],[-10.477,-11],[-10.477,11]],"c":true}]},{"i":{"x":0.833,"y":0.833},"o":{"x":0.167,"y":0.167},"t":4,"s":[{"i":[[-1.105,0],[0,0],[0,1.105],[0,0],[1.105,0],[0,0],[0,-1.105],[0,0]],"o":[[0,0],[1.105,0],[0,0],[0,-1.105],[0,0],[-1.105,0],[0,0],[0,1.105]],"v":[[-8.477,13],[12.5,13],[14.5,11],[14.5,-11],[12.5,-13],[-8.477,-13],[-10.477,-11],[-10.477,11]],"c":true}],"e":[{"i":[[-1.105,0],[0,0],[0,1.105],[0,0],[1.105,0],[0,0],[0,-1.105],[0,0]],"o":[[0,0],[1.105,0],[0,0],[0,-1.105],[0,0],[-1.105,0],[0,0],[0,1.105]],"v":[[-6.984,13],[14.5,13],[16.5,11],[16.5,-11],[14.5,-13],[-6.984,-13],[-8.984,-11],[-8.984,11]],"c":true}]},{"i":{"x":0.833,"y":0.833},"o":{"x":0.167,"y":0.167},"t":5,"s":[{"i":[[-1.105,0],[0,0],[0,1.105],[0,0],[1.105,0],[0,0],[0,-1.105],[0,0]],"o":[[0,0],[1.105,0],[0,0],[0,-1.105],[0,0],[-1.105,0],[0,0],[0,1.105]],"v":[[-6.984,13],[14.5,13],[16.5,11],[16.5,-11],[14.5,-13],[-6.984,-13],[-8.984,-11],[-8.984,11]],"c":true}],"e":[{"i":[[-1.105,0],[0,0],[0,1.105],[0,0],[1.105,0],[0,0],[0,-1.105],[0,0]],"o":[[0,0],[1.105,0],[0,0],[0,-1.105],[0,0],[-1.105,0],[0,0],[0,1.105]],"v":[[-10.453,13],[26.672,13],[28.672,11],[28.672,-11],[26.672,-13],[-10.453,-13],[-12.453,-11],[-12.453,11]],"c":true}]},{"i":{"x":0.833,"y":0.833},"o":{"x":0.167,"y":0.167},"t":7,"s":[{"i":[[-1.105,0],[0,0],[0,1.105],[0,0],[1.105,0],[0,0],[0,-1.105],[0,0]],"o":[[0,0],[1.105,0],[0,0],[0,-1.105],[0,0],[-1.105,0],[0,0],[0,1.105]],"v":[[-10.453,13],[26.672,13],[28.672,11],[28.672,-11],[26.672,-13],[-10.453,-13],[-12.453,-11],[-12.453,11]],"c":true}],"e":[{"i":[[-1.105,0],[0,0],[0,1.105],[0,0],[1.105,0],[0,0],[0,-1.105],[0,0]],"o":[[0,0],[1.105,0],[0,0],[0,-1.105],[0,0],[-1.105,0],[0,0],[0,1.105]],"v":[[-10.022,13],[31.128,13],[33.128,11],[33.128,-11],[31.128,-13],[-10.022,-13],[-12.022,-11],[-12.022,11]],"c":true}]},{"i":{"x":0.833,"y":0.833},"o":{"x":0.167,"y":0.167},"t":8,"s":[{"i":[[-1.105,0],[0,0],[0,1.105],[0,0],[1.105,0],[0,0],[0,-1.105],[0,0]],"o":[[0,0],[1.105,0],[0,0],[0,-1.105],[0,0],[-1.105,0],[0,0],[0,1.105]],"v":[[-10.022,13],[31.128,13],[33.128,11],[33.128,-11],[31.128,-13],[-10.022,-13],[-12.022,-11],[-12.022,11]],"c":true}],"e":[{"i":[[-1.105,0],[0,0],[0,1.105],[0,0],[1.105,0],[0,0],[0,-1.105],[0,0]],"o":[[0,0],[1.105,0],[0,0],[0,-1.105],[0,0],[-1.105,0],[0,0],[0,1.105]],"v":[[-10.717,13],[35.583,13],[37.583,11],[37.583,-11],[35.583,-13],[-10.717,-13],[-12.717,-11],[-12.717,11]],"c":true}]},{"i":{"x":0.833,"y":0.833},"o":{"x":0.167,"y":0.167},"t":9,"s":[{"i":[[-1.105,0],[0,0],[0,1.105],[0,0],[1.105,0],[0,0],[0,-1.105],[0,0]],"o":[[0,0],[1.105,0],[0,0],[0,-1.105],[0,0],[-1.105,0],[0,0],[0,1.105]],"v":[[-10.717,13],[35.583,13],[37.583,11],[37.583,-11],[35.583,-13],[-10.717,-13],[-12.717,-11],[-12.717,11]],"c":true}],"e":[{"i":[[-1.105,0],[0,0],[0,1.105],[0,0],[1.105,0],[0,0],[0,-1.105],[0,0]],"o":[[0,0],[1.105,0],[0,0],[0,-1.105],[0,0],[-1.105,0],[0,0],[0,1.105]],"v":[[-10.5,13],[37.625,13],[39.625,11],[39.625,-11],[37.625,-13],[-10.5,-13],[-12.5,-11],[-12.5,11]],"c":true}]},{"i":{"x":0.833,"y":0.833},"o":{"x":0.167,"y":0.167},"t":11,"s":[{"i":[[-1.105,0],[0,0],[0,1.105],[0,0],[1.105,0],[0,0],[0,-1.105],[0,0]],"o":[[0,0],[1.105,0],[0,0],[0,-1.105],[0,0],[-1.105,0],[0,0],[0,1.105]],"v":[[-10.5,13],[37.625,13],[39.625,11],[39.625,-11],[37.625,-13],[-10.5,-13],[-12.5,-11],[-12.5,11]],"c":true}],"e":[{"i":[[-1.105,0],[0,0],[0,1.105],[0,0],[1.105,0],[0,0],[0,-1.105],[0,0]],"o":[[0,0],[1.105,0],[0,0],[0,-1.105],[0,0],[-1.105,0],[0,0],[0,1.105]],"v":[[-10.5,13],[37.625,13],[39.625,11],[39.625,-11],[37.625,-13],[-10.5,-13],[-12.5,-11],[-12.5,11]],"c":true}]},{"i":{"x":0.833,"y":0.833},"o":{"x":0.167,"y":0.167},"t":17,"s":[{"i":[[-1.105,0],[0,0],[0,1.105],[0,0],[1.105,0],[0,0],[0,-1.105],[0,0]],"o":[[0,0],[1.105,0],[0,0],[0,-1.105],[0,0],[-1.105,0],[0,0],[0,1.105]],"v":[[-10.5,13],[37.625,13],[39.625,11],[39.625,-11],[37.625,-13],[-10.5,-13],[-12.5,-11],[-12.5,11]],"c":true}],"e":[{"i":[[-1.105,0],[0,0],[0,1.105],[0,0],[1.105,0],[0,0],[0,-1.105],[0,0]],"o":[[0,0],[1.105,0],[0,0],[0,-1.105],[0,0],[-1.105,0],[0,0],[0,1.105]],"v":[[-10.717,13],[36.458,13],[38.458,11],[38.458,-11],[36.458,-13],[-10.717,-13],[-12.717,-11],[-12.717,11]],"c":true}]},{"i":{"x":0.833,"y":0.833},"o":{"x":0.167,"y":0.167},"t":19,"s":[{"i":[[-1.105,0],[0,0],[0,1.105],[0,0],[1.105,0],[0,0],[0,-1.105],[0,0]],"o":[[0,0],[1.105,0],[0,0],[0,-1.105],[0,0],[-1.105,0],[0,0],[0,1.105]],"v":[[-10.717,13],[36.458,13],[38.458,11],[38.458,-11],[36.458,-13],[-10.717,-13],[-12.717,-11],[-12.717,11]],"c":true}],"e":[{"i":[[-1.105,0],[0,0],[0,1.105],[0,0],[1.105,0],[0,0],[0,-1.105],[0,0]],"o":[[0,0],[1.105,0],[0,0],[0,-1.105],[0,0],[-1.105,0],[0,0],[0,1.105]],"v":[[-9.953,13],[28.297,13],[30.297,11],[30.297,-11],[28.297,-13],[-9.953,-13],[-11.953,-11],[-11.953,11]],"c":true}]},{"i":{"x":0.833,"y":0.833},"o":{"x":0.167,"y":0.167},"t":21,"s":[{"i":[[-1.105,0],[0,0],[0,1.105],[0,0],[1.105,0],[0,0],[0,-1.105],[0,0]],"o":[[0,0],[1.105,0],[0,0],[0,-1.105],[0,0],[-1.105,0],[0,0],[0,1.105]],"v":[[-9.953,13],[28.297,13],[30.297,11],[30.297,-11],[28.297,-13],[-9.953,-13],[-11.953,-11],[-11.953,11]],"c":true}],"e":[{"i":[[-1.105,0],[0,0],[0,1.105],[0,0],[1.105,0],[0,0],[0,-1.105],[0,0]],"o":[[0,0],[1.105,0],[0,0],[0,-1.105],[0,0],[-1.105,0],[0,0],[0,1.105]],"v":[[-8.555,13],[22.711,13],[24.711,11],[24.711,-11],[22.711,-13],[-8.555,-13],[-10.555,-11],[-10.555,11]],"c":true}]},{"i":{"x":0.833,"y":0.833},"o":{"x":0.167,"y":0.167},"t":22,"s":[{"i":[[-1.105,0],[0,0],[0,1.105],[0,0],[1.105,0],[0,0],[0,-1.105],[0,0]],"o":[[0,0],[1.105,0],[0,0],[0,-1.105],[0,0],[-1.105,0],[0,0],[0,1.105]],"v":[[-8.555,13],[22.711,13],[24.711,11],[24.711,-11],[22.711,-13],[-8.555,-13],[-10.555,-11],[-10.555,11]],"c":true}],"e":[{"i":[[-1.105,0],[0,0],[0,1.105],[0,0],[1.105,0],[0,0],[0,-1.105],[0,0]],"o":[[0,0],[1.105,0],[0,0],[0,-1.105],[0,0],[-1.105,0],[0,0],[0,1.105]],"v":[[-7.75,13],[17.125,13],[19.125,11],[19.125,-11],[17.125,-13],[-7.75,-13],[-9.75,-11],[-9.75,11]],"c":true}]},{"i":{"x":0.833,"y":0.833},"o":{"x":0.167,"y":0.167},"t":23,"s":[{"i":[[-1.105,0],[0,0],[0,1.105],[0,0],[1.105,0],[0,0],[0,-1.105],[0,0]],"o":[[0,0],[1.105,0],[0,0],[0,-1.105],[0,0],[-1.105,0],[0,0],[0,1.105]],"v":[[-7.75,13],[17.125,13],[19.125,11],[19.125,-11],[17.125,-13],[-7.75,-13],[-9.75,-11],[-9.75,11]],"c":true}],"e":[{"i":[[-1.105,0],[0,0],[0,1.105],[0,0],[1.105,0],[0,0],[0,-1.105],[0,0]],"o":[[0,0],[1.105,0],[0,0],[0,-1.105],[0,0],[-1.105,0],[0,0],[0,1.105]],"v":[[-8.469,13],[13.813,13],[15.813,11],[15.813,-11],[13.813,-13],[-8.469,-13],[-10.469,-11],[-10.469,11]],"c":true}]},{"i":{"x":0.833,"y":0.833},"o":{"x":0.167,"y":0.167},"t":24,"s":[{"i":[[-1.105,0],[0,0],[0,1.105],[0,0],[1.105,0],[0,0],[0,-1.105],[0,0]],"o":[[0,0],[1.105,0],[0,0],[0,-1.105],[0,0],[-1.105,0],[0,0],[0,1.105]],"v":[[-8.469,13],[13.813,13],[15.813,11],[15.813,-11],[13.813,-13],[-8.469,-13],[-10.469,-11],[-10.469,11]],"c":true}],"e":[{"i":[[-1.105,0],[0,0],[0,1.105],[0,0],[1.105,0],[0,0],[0,-1.105],[0,0]],"o":[[0,0],[1.105,0],[0,0],[0,-1.105],[0,0],[-1.105,0],[0,0],[0,1.105]],"v":[[-10.5,13],[10.5,13],[12.5,11],[12.5,-11],[10.5,-13],[-10.5,-13],[-12.5,-11],[-12.5,11]],"c":true}]},{"t":25}],"ix":2},"nm":"Path 1","mn":"ADBE Vector Shape - Group","hd":false},{"ty":"st","c":{"a":0,"k":[0,0,0,1],"ix":3},"o":{"a":0,"k":100,"ix":4},"w":{"a":0,"k":2,"ix":5},"lc":1,"lj":1,"ml":10,"bm":0,"nm":"Stroke 1","mn":"ADBE Vector Graphic - Stroke","hd":false},{"ty":"tr","p":{"a":0,"k":[36.5,25],"ix":2},"a":{"a":0,"k":[0,0],"ix":1},"s":{"a":0,"k":[100,100],"ix":3},"r":{"a":0,"k":0,"ix":6},"o":{"a":0,"k":100,"ix":7},"sk":{"a":0,"k":0,"ix":4},"sa":{"a":0,"k":0,"ix":5},"nm":"Transform"}],"nm":"Group 1","np":2,"cix":2,"bm":0,"ix":1,"mn":"ADBE Vector Group","hd":false},{"ty":"fl","c":{"a":0,"k":[0,0,0,1],"ix":4},"o":{"a":0,"k":100,"ix":5},"r":1,"bm":0,"nm":"Fill 1","mn":"ADBE Vector Graphic - Fill","hd":false}],"ip":0,"op":28,"st":0,"bm":0},{"ddd":0,"ind":4,"ty":4,"nm":"Fill","tt":2,"sr":1,"ks":{"o":{"a":0,"k":100,"ix":11},"r":{"a":0,"k":0,"ix":10},"p":{"a":0,"k":[25,25,0],"ix":2},"a":{"a":0,"k":[25,25,0],"ix":1},"s":{"a":0,"k":[100,100,100],"ix":6}},"ao":0,"shapes":[{"ty":"gr","it":[{"ind":0,"ty":"sh","ix":1,"ks":{"a":0,"k":{"i":[[1.105,0],[0,0],[0,1.105],[0,0],[-1.105,0],[0,0],[0,-1.105],[0,0]],"o":[[0,0],[-1.105,0],[0,0],[0,-1.105],[0,0],[1.105,0],[0,0],[0,1.105]],"v":[[22,13],[-22,13],[-24,11],[-24,-11],[-22,-13],[22,-13],[24,-11],[24,11]],"c":true},"ix":2},"nm":"Path 1","mn":"ADBE Vector Shape - Group","hd":false},{"ty":"st","c":{"a":0,"k":[0,0,0,1],"ix":3},"o":{"a":0,"k":100,"ix":4},"w":{"a":0,"k":2,"ix":5},"lc":1,"lj":1,"ml":10,"bm":0,"nm":"Stroke 2","mn":"ADBE Vector Graphic - Stroke","hd":false},{"ty":"fl","c":{"a":0,"k":[0,0,0,1],"ix":4},"o":{"a":0,"k":100,"ix":5},"r":1,"bm":0,"nm":"Fill 1","mn":"ADBE Vector Graphic - Fill","hd":false},{"ty":"tr","p":{"a":0,"k":[25,25],"ix":2},"a":{"a":0,"k":[0,0],"ix":1},"s":{"a":0,"k":[100,100],"ix":3},"r":{"a":0,"k":0,"ix":6},"o":{"a":0,"k":100,"ix":7},"sk":{"a":0,"k":0,"ix":4},"sa":{"a":0,"k":0,"ix":5},"nm":"Transform"}],"nm":"Group 2","np":3,"cix":2,"bm":0,"ix":1,"mn":"ADBE Vector Group","hd":false}],"ip":0,"op":28,"st":0,"bm":0}],"markers":[]}