{"v":"5.4.4","fr":24,"ip":0,"op":28,"w":50,"h":50,"nm":"laughing","ddd":0,"assets":[],"layers":[{"ddd":0,"ind":1,"ty":4,"nm":"Controller","sr":1,"ks":{"o":{"a":0,"k":100,"ix":11},"r":{"a":0,"k":0,"ix":10},"p":{"a":1,"k":[{"i":{"x":0.667,"y":1},"o":{"x":0.333,"y":0},"t":0,"s":[25,25,0],"e":[24,21.969,0],"to":[-0.167,-0.505,0],"ti":[-0.167,0.505,0]},{"i":{"x":0.667,"y":1},"o":{"x":0.333,"y":0},"t":9,"s":[24,21.969,0],"e":[26,21.969,0],"to":[0.167,-0.505,0],"ti":[-0.167,-0.505,0]},{"i":{"x":0.667,"y":1},"o":{"x":0.333,"y":0},"t":19,"s":[26,21.969,0],"e":[25,25,0],"to":[0.167,0.505,0],"ti":[0.167,-0.505,0]},{"t":28}],"ix":2},"a":{"a":0,"k":[0,0,0],"ix":1},"s":{"a":0,"k":[100,100,100],"ix":6}},"ao":0,"shapes":[],"ip":0,"op":28,"st":0,"bm":0},{"ddd":0,"ind":2,"ty":4,"nm":"Mouth","parent":1,"sr":1,"ks":{"o":{"a":0,"k":100,"ix":11},"r":{"a":0,"k":0,"ix":10},"p":{"a":0,"k":[0,0,0],"ix":2},"a":{"a":0,"k":[25,25,0],"ix":1},"s":{"a":0,"k":[100,100,100],"ix":6}},"ao":0,"shapes":[{"ty":"gr","it":[{"ind":0,"ty":"sh","ix":1,"ks":{"a":1,"k":[{"i":{"x":0.667,"y":1},"o":{"x":0.333,"y":0},"t":0,"s":[{"i":[[0,0],[-7,0],[0.016,5.016],[6.992,0]],"o":[[-0.031,4.984],[7,0],[0,0],[-7,0]],"v":[[-12.969,-6.453],[-0.016,6.5],[12.984,-6.484],[0,-3.508]],"c":true}],"e":[{"i":[[0,0],[-7,0],[0,8],[0,0]],"o":[[0,8],[7,0],[0,0],[0,0]],"v":[[-11,-8.5],[0,8.5],[11,-8.5],[0,-8.5]],"c":true}]},{"i":{"x":0.667,"y":1},"o":{"x":0.333,"y":0},"t":5,"s":[{"i":[[0,0],[-7,0],[0,8],[0,0]],"o":[[0,8],[7,0],[0,0],[0,0]],"v":[[-11,-8.5],[0,8.5],[11,-8.5],[0,-8.5]],"c":true}],"e":[{"i":[[0,0],[-7,0],[0.016,5.016],[6.992,0]],"o":[[-0.031,4.984],[7,0],[0,0],[-7,0]],"v":[[-12.969,-6.453],[-0.016,6.5],[12.984,-6.484],[0,-3.508]],"c":true}]},{"i":{"x":0.667,"y":1},"o":{"x":0.333,"y":0},"t":9,"s":[{"i":[[0,0],[-7,0],[0.016,5.016],[6.992,0]],"o":[[-0.031,4.984],[7,0],[0,0],[-7,0]],"v":[[-12.969,-6.453],[-0.016,6.5],[12.984,-6.484],[0,-3.508]],"c":true}],"e":[{"i":[[0,0],[-7,0],[0,8],[0,0]],"o":[[0,8],[7,0],[0,0],[0,0]],"v":[[-11,-8.5],[0,8.5],[11,-8.5],[0,-8.5]],"c":true}]},{"i":{"x":0.667,"y":1},"o":{"x":0.333,"y":0},"t":14,"s":[{"i":[[0,0],[-7,0],[0,8],[0,0]],"o":[[0,8],[7,0],[0,0],[0,0]],"v":[[-11,-8.5],[0,8.5],[11,-8.5],[0,-8.5]],"c":true}],"e":[{"i":[[0,0],[-7,0],[0.016,5.016],[6.992,0]],"o":[[-0.031,4.984],[7,0],[0,0],[-7,0]],"v":[[-12.969,-6.453],[-0.016,6.5],[12.984,-6.484],[0,-3.508]],"c":true}]},{"i":{"x":0.667,"y":1},"o":{"x":0.333,"y":0},"t":19,"s":[{"i":[[0,0],[-7,0],[0.016,5.016],[6.992,0]],"o":[[-0.031,4.984],[7,0],[0,0],[-7,0]],"v":[[-12.969,-6.453],[-0.016,6.5],[12.984,-6.484],[0,-3.508]],"c":true}],"e":[{"i":[[0,0],[-7,0],[0,8],[0,0]],"o":[[0,8],[7,0],[0,0],[0,0]],"v":[[-11,-8.5],[0,8.5],[11,-8.5],[0,-8.5]],"c":true}]},{"i":{"x":0.667,"y":1},"o":{"x":0.333,"y":0},"t":23,"s":[{"i":[[0,0],[-7,0],[0,8],[0,0]],"o":[[0,8],[7,0],[0,0],[0,0]],"v":[[-11,-8.5],[0,8.5],[11,-8.5],[0,-8.5]],"c":true}],"e":[{"i":[[0,0],[-7,0],[0.016,5.016],[6.992,0]],"o":[[-0.031,4.984],[7,0],[0,0],[-7,0]],"v":[[-12.969,-6.453],[-0.016,6.5],[12.984,-6.484],[0,-3.508]],"c":true}]},{"t":28}],"ix":2},"nm":"Path 1","mn":"ADBE Vector Shape - Group","hd":false},{"ty":"st","c":{"a":0,"k":[0,0,0,1],"ix":3},"o":{"a":0,"k":100,"ix":4},"w":{"a":0,"k":2,"ix":5},"lc":2,"lj":2,"bm":0,"nm":"Stroke 1","mn":"ADBE Vector Graphic - Stroke","hd":false},{"ty":"tr","p":{"a":0,"k":[25,32.5],"ix":2},"a":{"a":0,"k":[0,0],"ix":1},"s":{"a":0,"k":[100,100],"ix":3},"r":{"a":0,"k":0,"ix":6},"o":{"a":0,"k":100,"ix":7},"sk":{"a":0,"k":0,"ix":4},"sa":{"a":0,"k":0,"ix":5},"nm":"Transform"}],"nm":"Group 2","np":2,"cix":2,"bm":0,"ix":1,"mn":"ADBE Vector Group","hd":false}],"ip":0,"op":28,"st":0,"bm":0},{"ddd":0,"ind":3,"ty":4,"nm":"Eyes","parent":1,"sr":1,"ks":{"o":{"a":0,"k":100,"ix":11},"r":{"a":0,"k":0,"ix":10},"p":{"a":0,"k":[0,0,0],"ix":2},"a":{"a":0,"k":[25,25,0],"ix":1},"s":{"a":0,"k":[100,100,100],"ix":6}},"ao":0,"shapes":[{"ty":"gr","it":[{"ind":0,"ty":"sh","ix":1,"ks":{"a":1,"k":[{"i":{"x":0.667,"y":1},"o":{"x":0.333,"y":0},"t":0,"s":[{"i":[[0,0],[2.876,0],[0,0]],"o":[[0,0],[-2.876,0],[0,0]],"v":[[4.5,5.5],[-0.5,3.5],[-5.5,5.5]],"c":false}],"e":[{"i":[[0,0],[3.6,0],[0,0]],"o":[[0,0],[-3.6,0],[0,0]],"v":[[4.5,1.5],[0,-1.5],[-4.5,1.5]],"c":false}]},{"i":{"x":0.667,"y":1},"o":{"x":0.333,"y":0},"t":5,"s":[{"i":[[0,0],[3.6,0],[0,0]],"o":[[0,0],[-3.6,0],[0,0]],"v":[[4.5,1.5],[0,-1.5],[-4.5,1.5]],"c":false}],"e":[{"i":[[0,0],[2.876,0],[0,0]],"o":[[0,0],[-2.876,0],[0,0]],"v":[[4.5,5.5],[-0.5,3.5],[-5.5,5.5]],"c":false}]},{"i":{"x":0.667,"y":1},"o":{"x":0.333,"y":0},"t":9,"s":[{"i":[[0,0],[2.876,0],[0,0]],"o":[[0,0],[-2.876,0],[0,0]],"v":[[4.5,5.5],[-0.5,3.5],[-5.5,5.5]],"c":false}],"e":[{"i":[[0,0],[3.6,0],[0,0]],"o":[[0,0],[-3.6,0],[0,0]],"v":[[4.5,1.5],[0,-1.5],[-4.5,1.5]],"c":false}]},{"i":{"x":0.667,"y":1},"o":{"x":0.333,"y":0},"t":14,"s":[{"i":[[0,0],[3.6,0],[0,0]],"o":[[0,0],[-3.6,0],[0,0]],"v":[[4.5,1.5],[0,-1.5],[-4.5,1.5]],"c":false}],"e":[{"i":[[0,0],[2.876,0],[0,0]],"o":[[0,0],[-2.876,0],[0,0]],"v":[[4.5,5.5],[-0.5,3.5],[-5.5,5.5]],"c":false}]},{"i":{"x":0.667,"y":1},"o":{"x":0.333,"y":0},"t":19,"s":[{"i":[[0,0],[2.876,0],[0,0]],"o":[[0,0],[-2.876,0],[0,0]],"v":[[4.5,5.5],[-0.5,3.5],[-5.5,5.5]],"c":false}],"e":[{"i":[[0,0],[3.6,0],[0,0]],"o":[[0,0],[-3.6,0],[0,0]],"v":[[4.5,1.5],[0,-1.5],[-4.5,1.5]],"c":false}]},{"i":{"x":0.667,"y":1},"o":{"x":0.333,"y":0},"t":23,"s":[{"i":[[0,0],[3.6,0],[0,0]],"o":[[0,0],[-3.6,0],[0,0]],"v":[[4.5,1.5],[0,-1.5],[-4.5,1.5]],"c":false}],"e":[{"i":[[0,0],[2.876,0],[0,0]],"o":[[0,0],[-2.876,0],[0,0]],"v":[[4.5,5.5],[-0.5,3.5],[-5.5,5.5]],"c":false}]},{"t":28}],"ix":2},"nm":"Path 1","mn":"ADBE Vector Shape - Group","hd":false},{"ty":"st","c":{"a":0,"k":[0,0,0,1],"ix":3},"o":{"a":0,"k":100,"ix":4},"w":{"a":0,"k":2,"ix":5},"lc":2,"lj":2,"bm":0,"nm":"Stroke 1","mn":"ADBE Vector Graphic - Stroke","hd":false},{"ty":"tr","p":{"a":0,"k":[16.5,15.5],"ix":2},"a":{"a":0,"k":[0,0],"ix":1},"s":{"a":0,"k":[100,100],"ix":3},"r":{"a":0,"k":0,"ix":6},"o":{"a":0,"k":100,"ix":7},"sk":{"a":0,"k":0,"ix":4},"sa":{"a":0,"k":0,"ix":5},"nm":"Transform"}],"nm":"Group 5","np":2,"cix":2,"bm":0,"ix":1,"mn":"ADBE Vector Group","hd":false},{"ty":"gr","it":[{"ind":0,"ty":"sh","ix":1,"ks":{"a":1,"k":[{"i":{"x":0.667,"y":1},"o":{"x":0.333,"y":0},"t":0,"s":[{"i":[[0,0],[-2.876,0],[0,0]],"o":[[0,0],[2.875,0],[0,0]],"v":[[-4.5,5.5],[0.5,3.5],[5.499,5.5]],"c":false}],"e":[{"i":[[0,0],[-3.6,0],[0,0]],"o":[[0,0],[3.6,0],[0,0]],"v":[[-4.5,1.5],[0,-1.5],[4.5,1.5]],"c":false}]},{"i":{"x":0.667,"y":1},"o":{"x":0.333,"y":0},"t":5,"s":[{"i":[[0,0],[-3.6,0],[0,0]],"o":[[0,0],[3.6,0],[0,0]],"v":[[-4.5,1.5],[0,-1.5],[4.5,1.5]],"c":false}],"e":[{"i":[[0,0],[-2.876,0],[0,0]],"o":[[0,0],[2.875,0],[0,0]],"v":[[-4.5,5.5],[0.5,3.5],[5.499,5.5]],"c":false}]},{"i":{"x":0.667,"y":1},"o":{"x":0.333,"y":0},"t":9,"s":[{"i":[[0,0],[-2.876,0],[0,0]],"o":[[0,0],[2.875,0],[0,0]],"v":[[-4.5,5.5],[0.5,3.5],[5.499,5.5]],"c":false}],"e":[{"i":[[0,0],[-3.6,0],[0,0]],"o":[[0,0],[3.6,0],[0,0]],"v":[[-4.5,1.5],[0,-1.5],[4.5,1.5]],"c":false}]},{"i":{"x":0.667,"y":1},"o":{"x":0.333,"y":0},"t":14,"s":[{"i":[[0,0],[-3.6,0],[0,0]],"o":[[0,0],[3.6,0],[0,0]],"v":[[-4.5,1.5],[0,-1.5],[4.5,1.5]],"c":false}],"e":[{"i":[[0,0],[-2.876,0],[0,0]],"o":[[0,0],[2.875,0],[0,0]],"v":[[-4.5,5.5],[0.5,3.5],[5.499,5.5]],"c":false}]},{"i":{"x":0.667,"y":1},"o":{"x":0.333,"y":0},"t":19,"s":[{"i":[[0,0],[-2.876,0],[0,0]],"o":[[0,0],[2.875,0],[0,0]],"v":[[-4.5,5.5],[0.5,3.5],[5.499,5.5]],"c":false}],"e":[{"i":[[0,0],[-3.6,0],[0,0]],"o":[[0,0],[3.6,0],[0,0]],"v":[[-4.5,1.5],[0,-1.5],[4.5,1.5]],"c":false}]},{"i":{"x":0.667,"y":1},"o":{"x":0.333,"y":0},"t":23,"s":[{"i":[[0,0],[-3.6,0],[0,0]],"o":[[0,0],[3.6,0],[0,0]],"v":[[-4.5,1.5],[0,-1.5],[4.5,1.5]],"c":false}],"e":[{"i":[[0,0],[-2.876,0],[0,0]],"o":[[0,0],[2.875,0],[0,0]],"v":[[-4.5,5.5],[0.5,3.5],[5.499,5.5]],"c":false}]},{"t":28}],"ix":2},"nm":"Path 1","mn":"ADBE Vector Shape - Group","hd":false},{"ty":"st","c":{"a":0,"k":[0,0,0,1],"ix":3},"o":{"a":0,"k":100,"ix":4},"w":{"a":0,"k":2,"ix":5},"lc":2,"lj":2,"bm":0,"nm":"Stroke 1","mn":"ADBE Vector Graphic - Stroke","hd":false},{"ty":"tr","p":{"a":0,"k":[33.5,15.5],"ix":2},"a":{"a":0,"k":[0,0],"ix":1},"s":{"a":0,"k":[100,100],"ix":3},"r":{"a":0,"k":0,"ix":6},"o":{"a":0,"k":100,"ix":7},"sk":{"a":0,"k":0,"ix":4},"sa":{"a":0,"k":0,"ix":5},"nm":"Transform"}],"nm":"Group 6","np":2,"cix":2,"bm":0,"ix":2,"mn":"ADBE Vector Group","hd":false}],"ip":0,"op":28,"st":0,"bm":0},{"ddd":0,"ind":4,"ty":4,"nm":"Circle","sr":1,"ks":{"o":{"a":0,"k":100,"ix":11},"r":{"a":0,"k":0,"ix":10},"p":{"a":0,"k":[25,25,0],"ix":2},"a":{"a":0,"k":[25,25,0],"ix":1},"s":{"a":0,"k":[100,100,100],"ix":6}},"ao":0,"shapes":[{"ty":"gr","it":[{"ind":0,"ty":"sh","ix":1,"ks":{"a":0,"k":{"i":[[12.15,0],[0,-12.15],[-12.15,0],[0,12.15]],"o":[[-12.15,0],[0,12.15],[12.15,0],[0,-12.15]],"v":[[0,-22],[-22,0],[0,22],[22,0]],"c":true},"ix":2},"nm":"Path 1","mn":"ADBE Vector Shape - Group","hd":false},{"ty":"st","c":{"a":0,"k":[0,0,0,1],"ix":3},"o":{"a":0,"k":100,"ix":4},"w":{"a":0,"k":2,"ix":5},"lc":1,"lj":1,"ml":10,"bm":0,"nm":"Stroke 1","mn":"ADBE Vector Graphic - Stroke","hd":false},{"ty":"tr","p":{"a":0,"k":[25,25],"ix":2},"a":{"a":0,"k":[0,0],"ix":1},"s":{"a":0,"k":[100,100],"ix":3},"r":{"a":0,"k":0,"ix":6},"o":{"a":0,"k":100,"ix":7},"sk":{"a":0,"k":0,"ix":4},"sa":{"a":0,"k":0,"ix":5},"nm":"Transform"}],"nm":"Group 7","np":2,"cix":2,"bm":0,"ix":1,"mn":"ADBE Vector Group","hd":false}],"ip":0,"op":28,"st":0,"bm":0}],"markers":[]}