{"v":"5.4.4","fr":24,"ip":0,"op":28,"w":50,"h":50,"nm":"disappointed","ddd":0,"assets":[],"layers":[{"ddd":0,"ind":1,"ty":4,"nm":"Controller","sr":1,"ks":{"o":{"a":0,"k":100,"ix":11},"r":{"a":0,"k":0,"ix":10},"p":{"a":1,"k":[{"i":{"x":0.667,"y":1},"o":{"x":0.333,"y":0},"t":2,"s":[25,25,0],"e":[25,19.25,0],"to":[0,-0.958,0],"ti":[0,0,0]},{"i":{"x":0.667,"y":1},"o":{"x":0.333,"y":0},"t":6,"s":[25,19.25,0],"e":[25,25,0],"to":[0,0,0],"ti":[0,-0.958,0]},{"i":{"x":0.833,"y":0.833},"o":{"x":0.167,"y":0.167},"t":12,"s":[25,25,0],"e":[25,25,0],"to":[0,0,0],"ti":[0,0,0]},{"i":{"x":0.667,"y":1},"o":{"x":0.333,"y":0},"t":16,"s":[25,25,0],"e":[25,19.25,0],"to":[0,-0.958,0],"ti":[0,0,0]},{"i":{"x":0.667,"y":1},"o":{"x":0.333,"y":0},"t":22,"s":[25,19.25,0],"e":[25,25,0],"to":[0,0,0],"ti":[0,-0.958,0]},{"t":26}],"ix":2},"a":{"a":0,"k":[0,0,0],"ix":1},"s":{"a":0,"k":[100,100,100],"ix":6}},"ao":0,"shapes":[],"ip":0,"op":28,"st":0,"bm":0},{"ddd":0,"ind":2,"ty":4,"nm":"Eyes","parent":1,"sr":1,"ks":{"o":{"a":0,"k":100,"ix":11},"r":{"a":0,"k":0,"ix":10},"p":{"a":0,"k":[0,0,0],"ix":2},"a":{"a":0,"k":[25,25,0],"ix":1},"s":{"a":0,"k":[100,100,100],"ix":6}},"ao":0,"shapes":[{"ty":"gr","it":[{"ind":0,"ty":"sh","ix":1,"ks":{"a":1,"k":[{"i":{"x":0.833,"y":0.833},"o":{"x":0.167,"y":0.167},"t":-7,"s":[{"i":[[0,0],[5.25,2.375]],"o":[[0,0],[0,0]],"v":[[4.5,1.704],[-4.5,-2.273]],"c":false}],"e":[{"i":[[0,0],[4.348,4.545]],"o":[[0,0],[0,0]],"v":[[4.5,1.704],[-4.5,-2.273]],"c":false}]},{"i":{"x":0.833,"y":0.833},"o":{"x":0.167,"y":0.167},"t":-2,"s":[{"i":[[0,0],[4.348,4.545]],"o":[[0,0],[0,0]],"v":[[4.5,1.704],[-4.5,-2.273]],"c":false}],"e":[{"i":[[0,0],[4.348,4.545]],"o":[[0,0],[0,0]],"v":[[4.5,1.704],[-4.5,-2.273]],"c":false}]},{"i":{"x":0.667,"y":1},"o":{"x":0.333,"y":0},"t":4,"s":[{"i":[[0,0],[4.348,4.545]],"o":[[0,0],[0,0]],"v":[[4.5,1.704],[-4.5,-2.273]],"c":false}],"e":[{"i":[[0,0],[5.25,2.375]],"o":[[0,0],[0,0]],"v":[[4.5,1.704],[-4.5,-2.273]],"c":false}]},{"i":{"x":0.833,"y":0.833},"o":{"x":0.167,"y":0.167},"t":8,"s":[{"i":[[0,0],[5.25,2.375]],"o":[[0,0],[0,0]],"v":[[4.5,1.704],[-4.5,-2.273]],"c":false}],"e":[{"i":[[0,0],[5.25,2.375]],"o":[[0,0],[0,0]],"v":[[4.5,1.704],[-4.5,-2.273]],"c":false}]},{"i":{"x":0.667,"y":1},"o":{"x":0.333,"y":0},"t":20,"s":[{"i":[[0,0],[5.25,2.375]],"o":[[0,0],[0,0]],"v":[[4.5,1.704],[-4.5,-2.273]],"c":false}],"e":[{"i":[[0,0],[4.348,4.545]],"o":[[0,0],[0,0]],"v":[[4.5,1.704],[-4.5,-2.273]],"c":false}]},{"t":25}],"ix":2},"nm":"Path 1","mn":"ADBE Vector Shape - Group","hd":false},{"ty":"st","c":{"a":0,"k":[0,0,0,1],"ix":3},"o":{"a":0,"k":100,"ix":4},"w":{"a":0,"k":2,"ix":5},"lc":2,"lj":2,"bm":0,"nm":"Stroke 1","mn":"ADBE Vector Graphic - Stroke","hd":false},{"ty":"tr","p":{"a":0,"k":[33.5,25.272],"ix":2},"a":{"a":0,"k":[0,0],"ix":1},"s":{"a":0,"k":[100,100],"ix":3},"r":{"a":0,"k":0,"ix":6},"o":{"a":0,"k":100,"ix":7},"sk":{"a":0,"k":0,"ix":4},"sa":{"a":0,"k":0,"ix":5},"nm":"Transform"}],"nm":"Group 2","np":2,"cix":2,"bm":0,"ix":1,"mn":"ADBE Vector Group","hd":false},{"ty":"gr","it":[{"ind":0,"ty":"sh","ix":1,"ks":{"a":1,"k":[{"i":{"x":0.833,"y":0.833},"o":{"x":0.167,"y":0.167},"t":-7,"s":[{"i":[[0,0],[-5.969,2.625]],"o":[[0,0],[0,0]],"v":[[-4.5,1.704],[4.5,-2.273]],"c":false}],"e":[{"i":[[0,0],[-4.348,4.545]],"o":[[0,0],[0,0]],"v":[[-4.5,1.704],[4.5,-2.273]],"c":false}]},{"i":{"x":0.833,"y":0.833},"o":{"x":0.167,"y":0.167},"t":-2,"s":[{"i":[[0,0],[-4.348,4.545]],"o":[[0,0],[0,0]],"v":[[-4.5,1.704],[4.5,-2.273]],"c":false}],"e":[{"i":[[0,0],[-4.348,4.545]],"o":[[0,0],[0,0]],"v":[[-4.5,1.704],[4.5,-2.273]],"c":false}]},{"i":{"x":0.667,"y":1},"o":{"x":0.333,"y":0},"t":4,"s":[{"i":[[0,0],[-4.348,4.545]],"o":[[0,0],[0,0]],"v":[[-4.5,1.704],[4.5,-2.273]],"c":false}],"e":[{"i":[[0,0],[-5.969,2.625]],"o":[[0,0],[0,0]],"v":[[-4.5,1.704],[4.5,-2.273]],"c":false}]},{"i":{"x":0.833,"y":0.833},"o":{"x":0.167,"y":0.167},"t":8,"s":[{"i":[[0,0],[-5.969,2.625]],"o":[[0,0],[0,0]],"v":[[-4.5,1.704],[4.5,-2.273]],"c":false}],"e":[{"i":[[0,0],[-5.969,2.625]],"o":[[0,0],[0,0]],"v":[[-4.5,1.704],[4.5,-2.273]],"c":false}]},{"i":{"x":0.667,"y":1},"o":{"x":0.333,"y":0},"t":20,"s":[{"i":[[0,0],[-5.969,2.625]],"o":[[0,0],[0,0]],"v":[[-4.5,1.704],[4.5,-2.273]],"c":false}],"e":[{"i":[[0,0],[-4.348,4.545]],"o":[[0,0],[0,0]],"v":[[-4.5,1.704],[4.5,-2.273]],"c":false}]},{"t":25}],"ix":2},"nm":"Path 1","mn":"ADBE Vector Shape - Group","hd":false},{"ty":"st","c":{"a":0,"k":[0,0,0,1],"ix":3},"o":{"a":0,"k":100,"ix":4},"w":{"a":0,"k":2,"ix":5},"lc":2,"lj":2,"bm":0,"nm":"Stroke 1","mn":"ADBE Vector Graphic - Stroke","hd":false},{"ty":"tr","p":{"a":0,"k":[16.5,25.272],"ix":2},"a":{"a":0,"k":[0,0],"ix":1},"s":{"a":0,"k":[100,100],"ix":3},"r":{"a":0,"k":0,"ix":6},"o":{"a":0,"k":100,"ix":7},"sk":{"a":0,"k":0,"ix":4},"sa":{"a":0,"k":0,"ix":5},"nm":"Transform"}],"nm":"Group 3","np":2,"cix":2,"bm":0,"ix":2,"mn":"ADBE Vector Group","hd":false}],"ip":0,"op":28,"st":-14,"bm":0},{"ddd":0,"ind":3,"ty":4,"nm":"Mouth 2","parent":1,"sr":1,"ks":{"o":{"a":0,"k":100,"ix":11},"r":{"a":0,"k":0,"ix":10},"p":{"a":0,"k":[0,0,0],"ix":2},"a":{"a":0,"k":[25,25,0],"ix":1},"s":{"a":0,"k":[100,100,100],"ix":6}},"ao":0,"shapes":[{"ty":"gr","it":[{"ind":0,"ty":"sh","ix":1,"ks":{"a":1,"k":[{"i":{"x":0.667,"y":1},"o":{"x":0.167,"y":0.167},"t":20,"s":[{"i":[[0,0],[-5,0],[0,0]],"o":[[0,0],[5,0],[0,0]],"v":[[-6.938,2.469],[0,-3.469],[7.063,2.531]],"c":false}],"e":[{"i":[[0,0],[-5,0],[0,0]],"o":[[0,0],[5,0],[0,0]],"v":[[-8,2.5],[0,-2.5],[8,2.5]],"c":false}]},{"i":{"x":0.833,"y":0.833},"o":{"x":0.167,"y":0.167},"t":23,"s":[{"i":[[0,0],[-5,0],[0,0]],"o":[[0,0],[5,0],[0,0]],"v":[[-8,2.5],[0,-2.5],[8,2.5]],"c":false}],"e":[{"i":[[0,0],[-5,0],[0,0]],"o":[[0,0],[5,0],[0,0]],"v":[[-8,2.5],[0,-2.5],[8,2.5]],"c":false}]},{"i":{"x":0.833,"y":0.833},"o":{"x":0.167,"y":0.167},"t":33,"s":[{"i":[[0,0],[-5,0],[0,0]],"o":[[0,0],[5,0],[0,0]],"v":[[-8,2.5],[0,-2.5],[8,2.5]],"c":false}],"e":[{"i":[[0,0],[-5,0],[0,0]],"o":[[0,0],[5,0],[0,0]],"v":[[-6.938,2.469],[0,-3.469],[7.063,2.531]],"c":false}]},{"t":36}],"ix":2},"nm":"Path 1","mn":"ADBE Vector Shape - Group","hd":false},{"ty":"st","c":{"a":0,"k":[0,0,0,1],"ix":3},"o":{"a":0,"k":100,"ix":4},"w":{"a":0,"k":2,"ix":5},"lc":2,"lj":2,"bm":0,"nm":"Stroke 1","mn":"ADBE Vector Graphic - Stroke","hd":false},{"ty":"tr","p":{"a":0,"k":[25,36.5],"ix":2},"a":{"a":0,"k":[0,0],"ix":1},"s":{"a":0,"k":[100,100],"ix":3},"r":{"a":1,"k":[{"i":{"x":[0.667],"y":[1]},"o":{"x":[0.167],"y":[0.167]},"t":20,"s":[0],"e":[10]},{"i":{"x":[0.667],"y":[1]},"o":{"x":[0.333],"y":[0]},"t":23,"s":[10],"e":[-5]},{"i":{"x":[0.833],"y":[0.833]},"o":{"x":[0.333],"y":[0]},"t":26,"s":[-5],"e":[0]},{"t":28}],"ix":6},"o":{"a":0,"k":100,"ix":7},"sk":{"a":0,"k":0,"ix":4},"sa":{"a":0,"k":0,"ix":5},"nm":"Transform"}],"nm":"Group 4","np":2,"cix":2,"bm":0,"ix":1,"mn":"ADBE Vector Group","hd":false}],"ip":20,"op":36,"st":14,"bm":0},{"ddd":0,"ind":4,"ty":4,"nm":"Mouth open","parent":1,"sr":1,"ks":{"o":{"a":0,"k":100,"ix":11},"r":{"a":0,"k":0,"ix":10},"p":{"a":0,"k":[0,0,0],"ix":2},"a":{"a":0,"k":[25,25,0],"ix":1},"s":{"a":0,"k":[100,100,100],"ix":6}},"ao":0,"shapes":[{"ty":"gr","it":[{"ind":0,"ty":"sh","ix":1,"ks":{"a":1,"k":[{"i":{"x":0.667,"y":1},"o":{"x":0.167,"y":0.167},"t":8,"s":[{"i":[[0,0],[-6,0.018],[0,0],[5.92,0.03]],"o":[[0,0],[6,-0.017],[0,0],[-6.048,-0.03]],"v":[[-7,2.775],[-0.026,-3.993],[7,2.732],[0.006,-4.024]],"c":true}],"e":[{"i":[[0,0],[-6,0.018],[0,0],[3.986,-0.002]],"o":[[0,0],[6,-0.017],[0,0],[-4.014,0.002]],"v":[[-7,2.775],[-0.026,-3.993],[7,2.732],[0.003,4.008]],"c":true}]},{"i":{"x":0.833,"y":0.833},"o":{"x":0.167,"y":0.167},"t":12,"s":[{"i":[[0,0],[-6,0.018],[0,0],[3.986,-0.002]],"o":[[0,0],[6,-0.017],[0,0],[-4.014,0.002]],"v":[[-7,2.775],[-0.026,-3.993],[7,2.732],[0.003,4.008]],"c":true}],"e":[{"i":[[0,0],[-6,0.018],[0,0],[3.986,-0.002]],"o":[[0,0],[6,-0.017],[0,0],[-4.014,0.002]],"v":[[-7,2.775],[-0.026,-3.993],[7,2.732],[0.003,4.008]],"c":true}]},{"i":{"x":0.833,"y":0.833},"o":{"x":0.333,"y":0},"t":16,"s":[{"i":[[0,0],[-6,0.018],[0,0],[3.986,-0.002]],"o":[[0,0],[6,-0.017],[0,0],[-4.014,0.002]],"v":[[-7,2.775],[-0.026,-3.993],[7,2.732],[0.003,4.008]],"c":true}],"e":[{"i":[[0,0],[-6,0.018],[0,0],[5.92,0.03]],"o":[[0,0],[6,-0.017],[0,0],[-6.048,-0.03]],"v":[[-7,2.775],[-0.026,-3.993],[7,2.732],[0.006,-4.024]],"c":true}]},{"t":20}],"ix":2},"nm":"Path 1","mn":"ADBE Vector Shape - Group","hd":false},{"ty":"st","c":{"a":0,"k":[0,0,0,1],"ix":3},"o":{"a":0,"k":100,"ix":4},"w":{"a":0,"k":2,"ix":5},"lc":2,"lj":2,"bm":0,"nm":"Stroke 1","mn":"ADBE Vector Graphic - Stroke","hd":false},{"ty":"tr","p":{"a":0,"k":[25.011,36.994],"ix":2},"a":{"a":0,"k":[0,0],"ix":1},"s":{"a":0,"k":[100,100],"ix":3},"r":{"a":0,"k":0,"ix":6},"o":{"a":0,"k":100,"ix":7},"sk":{"a":0,"k":0,"ix":4},"sa":{"a":0,"k":0,"ix":5},"nm":"Transform"}],"nm":"Group 1","np":2,"cix":2,"bm":0,"ix":1,"mn":"ADBE Vector Group","hd":false}],"ip":8,"op":20,"st":7,"bm":0},{"ddd":0,"ind":5,"ty":4,"nm":"Mouth","parent":1,"sr":1,"ks":{"o":{"a":0,"k":100,"ix":11},"r":{"a":0,"k":0,"ix":10},"p":{"a":0,"k":[0,0,0],"ix":2},"a":{"a":0,"k":[25,25,0],"ix":1},"s":{"a":0,"k":[100,100,100],"ix":6}},"ao":0,"shapes":[{"ty":"gr","it":[{"ind":0,"ty":"sh","ix":1,"ks":{"a":1,"k":[{"i":{"x":0.833,"y":0.833},"o":{"x":0.333,"y":0},"t":5,"s":[{"i":[[0,0],[-5,0],[0,0]],"o":[[0,0],[5,0],[0,0]],"v":[[-8,2.5],[0,-2.5],[8,2.5]],"c":false}],"e":[{"i":[[0,0],[-5,0],[0,0]],"o":[[0,0],[5,0],[0,0]],"v":[[-6.938,2.469],[0,-3.469],[7.063,2.531]],"c":false}]},{"t":8}],"ix":2},"nm":"Path 1","mn":"ADBE Vector Shape - Group","hd":false},{"ty":"st","c":{"a":0,"k":[0,0,0,1],"ix":3},"o":{"a":0,"k":100,"ix":4},"w":{"a":0,"k":2,"ix":5},"lc":2,"lj":2,"bm":0,"nm":"Stroke 1","mn":"ADBE Vector Graphic - Stroke","hd":false},{"ty":"tr","p":{"a":0,"k":[25,36.5],"ix":2},"a":{"a":0,"k":[0,0],"ix":1},"s":{"a":0,"k":[100,100],"ix":3},"r":{"a":0,"k":0,"ix":6},"o":{"a":0,"k":100,"ix":7},"sk":{"a":0,"k":0,"ix":4},"sa":{"a":0,"k":0,"ix":5},"nm":"Transform"}],"nm":"Group 4","np":2,"cix":2,"bm":0,"ix":1,"mn":"ADBE Vector Group","hd":false}],"ip":0,"op":8,"st":-14,"bm":0},{"ddd":0,"ind":6,"ty":4,"nm":"Circle","sr":1,"ks":{"o":{"a":0,"k":100,"ix":11},"r":{"a":0,"k":0,"ix":10},"p":{"a":0,"k":[25,25,0],"ix":2},"a":{"a":0,"k":[25,25,0],"ix":1},"s":{"a":0,"k":[100,100,100],"ix":6}},"ao":0,"shapes":[{"ty":"gr","it":[{"ind":0,"ty":"sh","ix":1,"ks":{"a":0,"k":{"i":[[12.15,0],[0,-12.15],[-12.15,0],[0,12.15]],"o":[[-12.15,0],[0,12.15],[12.15,0],[0,-12.15]],"v":[[0,-22],[-22,0],[0,22],[22,0]],"c":true},"ix":2},"nm":"Path 1","mn":"ADBE Vector Shape - Group","hd":false},{"ty":"st","c":{"a":0,"k":[0,0,0,1],"ix":3},"o":{"a":0,"k":100,"ix":4},"w":{"a":0,"k":2,"ix":5},"lc":1,"lj":1,"ml":10,"bm":0,"nm":"Stroke 1","mn":"ADBE Vector Graphic - Stroke","hd":false},{"ty":"tr","p":{"a":0,"k":[25,25],"ix":2},"a":{"a":0,"k":[0,0],"ix":1},"s":{"a":0,"k":[100,100],"ix":3},"r":{"a":0,"k":0,"ix":6},"o":{"a":0,"k":100,"ix":7},"sk":{"a":0,"k":0,"ix":4},"sa":{"a":0,"k":0,"ix":5},"nm":"Transform"}],"nm":"Group 5","np":2,"cix":2,"bm":0,"ix":1,"mn":"ADBE Vector Group","hd":false}],"ip":0,"op":28,"st":0,"bm":0}],"markers":[]}