{"v":"5.4.4","fr":24,"ip":0,"op":28,"w":50,"h":50,"nm":"Folder","ddd":0,"assets":[],"layers":[{"ddd":0,"ind":1,"ty":4,"nm":"Fold","sr":1,"ks":{"o":{"a":0,"k":100,"ix":11},"r":{"a":0,"k":0,"ix":10},"p":{"a":0,"k":[25,25,0],"ix":2},"a":{"a":0,"k":[25,25,0],"ix":1},"s":{"a":0,"k":[100,100,100],"ix":6}},"ao":0,"shapes":[{"ty":"gr","it":[{"ind":0,"ty":"sh","ix":1,"ks":{"a":1,"k":[{"i":{"x":0.667,"y":1},"o":{"x":0.333,"y":0},"t":3,"s":[{"i":[[0,0],[0,0],[-1.104,0],[0,0],[0,-1.104],[0,0]],"o":[[0,0],[0,-1.104],[0,0],[1.104,0],[0,0],[0,0]],"v":[[-23,10.999],[-22.999,-15.001],[-20.999,-17.001],[17.999,-17.001],[19.999,-15.001],[19.999,10.999]],"c":false}],"e":[{"i":[[0,0],[0,0],[-1.104,0],[0,0],[0,-1.104],[0,0]],"o":[[0,0],[0,-1.104],[0,0],[1.104,0],[0,0],[0,0]],"v":[[-22.999,12.999],[-17.999,-10.999],[-15.999,-12.999],[20.999,-12.999],[22.999,-10.999],[17.999,12.999]],"c":false}]},{"i":{"x":0.667,"y":1},"o":{"x":0.333,"y":0},"t":11,"s":[{"i":[[0,0],[0,0],[-1.104,0],[0,0],[0,-1.104],[0,0]],"o":[[0,0],[0,-1.104],[0,0],[1.104,0],[0,0],[0,0]],"v":[[-22.999,12.999],[-17.999,-10.999],[-15.999,-12.999],[20.999,-12.999],[22.999,-10.999],[17.999,12.999]],"c":false}],"e":[{"i":[[0,0],[0,0],[-1.104,0],[0,0],[0,-1.104],[0,0]],"o":[[0,0],[0,-1.104],[0,0],[1.104,0],[0,0],[0,0]],"v":[[-22.999,12.999],[-17.999,-10.999],[-15.999,-12.999],[20.999,-12.999],[22.999,-10.999],[17.999,12.999]],"c":false}]},{"i":{"x":0.667,"y":1},"o":{"x":0.333,"y":0},"t":17,"s":[{"i":[[0,0],[0,0],[-1.104,0],[0,0],[0,-1.104],[0,0]],"o":[[0,0],[0,-1.104],[0,0],[1.104,0],[0,0],[0,0]],"v":[[-22.999,12.999],[-17.999,-10.999],[-15.999,-12.999],[20.999,-12.999],[22.999,-10.999],[17.999,12.999]],"c":false}],"e":[{"i":[[0,0],[0,0],[-1.104,0],[0,0],[0,-1.104],[0,0]],"o":[[0,0],[0,-1.104],[0,0],[1.104,0],[0,0],[0,0]],"v":[[-23,10.999],[-22.999,-15.001],[-20.999,-17.001],[17.999,-17.001],[19.999,-15.001],[19.999,10.999]],"c":false}]},{"t":25}],"ix":2},"nm":"Path 1","mn":"ADBE Vector Shape - Group","hd":false},{"ty":"st","c":{"a":0,"k":[0,0,0,1],"ix":3},"o":{"a":0,"k":100,"ix":4},"w":{"a":0,"k":2,"ix":5},"lc":2,"lj":1,"ml":10,"bm":0,"nm":"Stroke 1","mn":"ADBE Vector Graphic - Stroke","hd":false},{"ty":"tr","p":{"a":0,"k":[26.001,31.001],"ix":2},"a":{"a":0,"k":[0,0],"ix":1},"s":{"a":0,"k":[100,100],"ix":3},"r":{"a":0,"k":0,"ix":6},"o":{"a":0,"k":100,"ix":7},"sk":{"a":0,"k":0,"ix":4},"sa":{"a":0,"k":0,"ix":5},"nm":"Transform"}],"nm":"Group 1","np":2,"cix":2,"bm":0,"ix":1,"mn":"ADBE Vector Group","hd":false}],"ip":0,"op":28,"st":0,"bm":0},{"ddd":0,"ind":2,"ty":4,"nm":"Mask","td":1,"sr":1,"ks":{"o":{"a":0,"k":100,"ix":11},"r":{"a":0,"k":0,"ix":10},"p":{"a":0,"k":[25,25,0],"ix":2},"a":{"a":0,"k":[25,25,0],"ix":1},"s":{"a":0,"k":[100,100,100],"ix":6}},"ao":0,"shapes":[{"ty":"gr","it":[{"ind":0,"ty":"sh","ix":1,"ks":{"a":1,"k":[{"i":{"x":0.667,"y":1},"o":{"x":0.333,"y":0},"t":3,"s":[{"i":[[0,0],[0,0],[-1.104,0],[0,0],[0,-1.104],[0,0]],"o":[[0,0],[0,-1.104],[0,0],[1.104,0],[0,0],[0,0]],"v":[[-23,10.999],[-22.999,-15.001],[-20.999,-17.001],[17.999,-17.001],[19.999,-15.001],[19.999,10.999]],"c":false}],"e":[{"i":[[0,0],[0,0],[-1.104,0],[0,0],[0,-1.104],[0,0]],"o":[[0,0],[0,-1.104],[0,0],[1.104,0],[0,0],[0,0]],"v":[[-22.999,12.999],[-17.999,-10.999],[-15.999,-12.999],[20.999,-12.999],[22.999,-10.999],[17.999,12.999]],"c":false}]},{"i":{"x":0.667,"y":1},"o":{"x":0.333,"y":0},"t":11,"s":[{"i":[[0,0],[0,0],[-1.104,0],[0,0],[0,-1.104],[0,0]],"o":[[0,0],[0,-1.104],[0,0],[1.104,0],[0,0],[0,0]],"v":[[-22.999,12.999],[-17.999,-10.999],[-15.999,-12.999],[20.999,-12.999],[22.999,-10.999],[17.999,12.999]],"c":false}],"e":[{"i":[[0,0],[0,0],[-1.104,0],[0,0],[0,-1.104],[0,0]],"o":[[0,0],[0,-1.104],[0,0],[1.104,0],[0,0],[0,0]],"v":[[-22.999,12.999],[-17.999,-10.999],[-15.999,-12.999],[20.999,-12.999],[22.999,-10.999],[17.999,12.999]],"c":false}]},{"i":{"x":0.667,"y":1},"o":{"x":0.333,"y":0},"t":17,"s":[{"i":[[0,0],[0,0],[-1.104,0],[0,0],[0,-1.104],[0,0]],"o":[[0,0],[0,-1.104],[0,0],[1.104,0],[0,0],[0,0]],"v":[[-22.999,12.999],[-17.999,-10.999],[-15.999,-12.999],[20.999,-12.999],[22.999,-10.999],[17.999,12.999]],"c":false}],"e":[{"i":[[0,0],[0,0],[-1.104,0],[0,0],[0,-1.104],[0,0]],"o":[[0,0],[0,-1.104],[0,0],[1.104,0],[0,0],[0,0]],"v":[[-23,10.999],[-22.999,-15.001],[-20.999,-17.001],[17.999,-17.001],[19.999,-15.001],[19.999,10.999]],"c":false}]},{"t":25}],"ix":2},"nm":"Path 1","mn":"ADBE Vector Shape - Group","hd":false},{"ty":"fl","c":{"a":0,"k":[0,0,0,1],"ix":4},"o":{"a":0,"k":100,"ix":5},"r":1,"bm":0,"nm":"Fill 1","mn":"ADBE Vector Graphic - Fill","hd":false},{"ty":"tr","p":{"a":0,"k":[26.001,31.001],"ix":2},"a":{"a":0,"k":[0,0],"ix":1},"s":{"a":0,"k":[100,100],"ix":3},"r":{"a":0,"k":0,"ix":6},"o":{"a":0,"k":100,"ix":7},"sk":{"a":0,"k":0,"ix":4},"sa":{"a":0,"k":0,"ix":5},"nm":"Transform"}],"nm":"Group 1","np":2,"cix":2,"bm":0,"ix":1,"mn":"ADBE Vector Group","hd":false}],"ip":0,"op":28,"st":0,"bm":0},{"ddd":0,"ind":3,"ty":4,"nm":"Base","tt":2,"sr":1,"ks":{"o":{"a":0,"k":100,"ix":11},"r":{"a":0,"k":0,"ix":10},"p":{"a":0,"k":[25,25,0],"ix":2},"a":{"a":0,"k":[25,25,0],"ix":1},"s":{"a":0,"k":[100,100,100],"ix":6}},"ao":0,"shapes":[{"ty":"gr","it":[{"ind":0,"ty":"sh","ix":1,"ks":{"a":1,"k":[{"i":{"x":0.667,"y":1},"o":{"x":0.333,"y":0},"t":3,"s":[{"i":[[1.104,0],[0,0],[1.516,0],[0,0],[0,-1.104],[0,0],[0,0],[0,0],[-1.104,0],[0,0],[0,1.104],[0,0],[0,0]],"o":[[0,0],[-1.469,0],[0,0],[-1.104,0],[0,0],[0,0],[0,0],[0,1.104],[0,0],[1.104,0],[0,0],[0,0],[0,-1.104]],"v":[[19.499,-17],[-6.501,-17],[-10.501,-21],[-19.499,-21],[-21.499,-19],[-21.499,-15],[-21.499,15],[-21.499,19],[-19.499,21],[19.499,21],[21.499,19],[21.499,13.114],[21.499,-15]],"c":true}],"e":[{"i":[[1.104,0],[0,0],[1.516,0],[0,0],[0,-1.104],[0,0],[0,0],[0,0],[-1.104,0],[0,0],[0,1.104],[0,0],[0,0]],"o":[[0,0],[-1.469,0],[0,0],[-1.104,0],[0,0],[0,0],[0,0],[0,1.104],[0,0],[1.104,0],[0,0],[0,0],[0,-1.104]],"v":[[19.499,-17],[-6.501,-17],[-10.501,-21],[-19.499,-21],[-21.499,-19],[-21.499,-15],[-21.499,15],[-21.499,19],[-19.499,21],[17.624,21],[19.624,19],[21.499,10],[21.499,-15]],"c":true}]},{"i":{"x":0.667,"y":1},"o":{"x":0.333,"y":0},"t":11,"s":[{"i":[[1.104,0],[0,0],[1.516,0],[0,0],[0,-1.104],[0,0],[0,0],[0,0],[-1.104,0],[0,0],[0,1.104],[0,0],[0,0]],"o":[[0,0],[-1.469,0],[0,0],[-1.104,0],[0,0],[0,0],[0,0],[0,1.104],[0,0],[1.104,0],[0,0],[0,0],[0,-1.104]],"v":[[19.499,-17],[-6.501,-17],[-10.501,-21],[-19.499,-21],[-21.499,-19],[-21.499,-15],[-21.499,15],[-21.499,19],[-19.499,21],[17.624,21],[19.624,19],[21.499,10],[21.499,-15]],"c":true}],"e":[{"i":[[1.104,0],[0,0],[1.516,0],[0,0],[0,-1.104],[0,0],[0,0],[0,0],[-1.104,0],[0,0],[0,1.104],[0,0],[0,0]],"o":[[0,0],[-1.469,0],[0,0],[-1.104,0],[0,0],[0,0],[0,0],[0,1.104],[0,0],[1.104,0],[0,0],[0,0],[0,-1.104]],"v":[[19.499,-17],[-6.501,-17],[-10.501,-21],[-19.499,-21],[-21.499,-19],[-21.499,-15],[-21.499,15],[-21.499,19],[-19.499,21],[17.624,21],[19.624,19],[21.499,10],[21.499,-15]],"c":true}]},{"i":{"x":0.667,"y":1},"o":{"x":0.333,"y":0},"t":17,"s":[{"i":[[1.104,0],[0,0],[1.516,0],[0,0],[0,-1.104],[0,0],[0,0],[0,0],[-1.104,0],[0,0],[0,1.104],[0,0],[0,0]],"o":[[0,0],[-1.469,0],[0,0],[-1.104,0],[0,0],[0,0],[0,0],[0,1.104],[0,0],[1.104,0],[0,0],[0,0],[0,-1.104]],"v":[[19.499,-17],[-6.501,-17],[-10.501,-21],[-19.499,-21],[-21.499,-19],[-21.499,-15],[-21.499,15],[-21.499,19],[-19.499,21],[17.624,21],[19.624,19],[21.499,10],[21.499,-15]],"c":true}],"e":[{"i":[[1.104,0],[0,0],[1.516,0],[0,0],[0,-1.104],[0,0],[0,0],[0,0],[-1.104,0],[0,0],[0,1.104],[0,0],[0,0]],"o":[[0,0],[-1.469,0],[0,0],[-1.104,0],[0,0],[0,0],[0,0],[0,1.104],[0,0],[1.104,0],[0,0],[0,0],[0,-1.104]],"v":[[19.499,-17],[-6.501,-17],[-10.501,-21],[-19.499,-21],[-21.499,-19],[-21.499,-15],[-21.499,15],[-21.499,19],[-19.499,21],[19.499,21],[21.499,19],[21.499,13.114],[21.499,-15]],"c":true}]},{"t":25}],"ix":2},"nm":"Path 1","mn":"ADBE Vector Shape - Group","hd":false},{"ty":"st","c":{"a":0,"k":[0,0,0,1],"ix":3},"o":{"a":0,"k":100,"ix":4},"w":{"a":0,"k":2,"ix":5},"lc":2,"lj":1,"ml":10,"bm":0,"nm":"Stroke 1","mn":"ADBE Vector Graphic - Stroke","hd":false},{"ty":"tr","p":{"a":0,"k":[24.5,25],"ix":2},"a":{"a":0,"k":[0,0],"ix":1},"s":{"a":0,"k":[100,100],"ix":3},"r":{"a":0,"k":0,"ix":6},"o":{"a":0,"k":100,"ix":7},"sk":{"a":0,"k":0,"ix":4},"sa":{"a":0,"k":0,"ix":5},"nm":"Transform"}],"nm":"Group 4","np":2,"cix":2,"bm":0,"ix":1,"mn":"ADBE Vector Group","hd":false}],"ip":0,"op":28,"st":0,"bm":0}],"markers":[]}