{"v":"5.4.4","fr":24,"ip":0,"op":28,"w":50,"h":50,"nm":"Facebook Like","ddd":0,"assets":[],"layers":[{"ddd":0,"ind":1,"ty":4,"nm":"Mid 2","sr":1,"ks":{"o":{"a":0,"k":100,"ix":11},"r":{"a":1,"k":[{"i":{"x":[0.833],"y":[0.833]},"o":{"x":[0.167],"y":[0.167]},"t":7,"s":[-180],"e":[0]},{"i":{"x":[0.833],"y":[0.833]},"o":{"x":[0.167],"y":[0.167]},"t":10,"s":[0],"e":[0]},{"i":{"x":[0.833],"y":[0.833]},"o":{"x":[0.167],"y":[0.167]},"t":18,"s":[0],"e":[-180]},{"t":21}],"ix":10},"p":{"a":1,"k":[{"i":{"x":0.833,"y":0.833},"o":{"x":0.167,"y":0.167},"t":7,"s":[25,21.75,0],"e":[28,27.125,0],"to":[0,0.271,0],"ti":[0,-0.677,0]},{"i":{"x":0.833,"y":0.833},"o":{"x":0.167,"y":0.167},"t":9,"s":[28,27.125,0],"e":[25.477,26.194,0],"to":[0,0.342,0],"ti":[0.758,0.657,0]},{"i":{"x":0.833,"y":0.833},"o":{"x":0.167,"y":0.167},"t":10,"s":[25.477,26.194,0],"e":[25,25,0],"to":[-0.742,-0.644,0],"ti":[0,-0.134,0]},{"i":{"x":0.833,"y":0.833},"o":{"x":0.167,"y":0.167},"t":11,"s":[25,25,0],"e":[25,25,0],"to":[0,0.542,0],"ti":[0,-0.134,0]},{"i":{"x":0.833,"y":0.833},"o":{"x":0.167,"y":0.167},"t":17,"s":[25,25,0],"e":[25.477,26.194,0],"to":[0,0.542,0],"ti":[0.758,0.657,0]},{"i":{"x":0.833,"y":0.833},"o":{"x":0.167,"y":0.167},"t":18,"s":[25.477,26.194,0],"e":[28,27.125,0],"to":[-0.742,-0.644,0],"ti":[0,-0.677,0]},{"i":{"x":0.833,"y":0.833},"o":{"x":0.167,"y":0.167},"t":19,"s":[28,27.125,0],"e":[25,21.75,0],"to":[0,0.342,0],"ti":[0,-0.542,0]},{"t":21}],"ix":2},"a":{"a":0,"k":[25,25,0],"ix":1},"s":{"a":1,"k":[{"i":{"x":[0.833,0.833,0.833],"y":[0.833,0.833,0.833]},"o":{"x":[0.167,0.167,0.167],"y":[0.167,0.167,0.167]},"t":7,"s":[74,74,100],"e":[105,105,100]},{"i":{"x":[0.833,0.833,0.833],"y":[0.833,0.833,0.833]},"o":{"x":[0.167,0.167,0.167],"y":[0.167,0.167,0.167]},"t":10,"s":[105,105,100],"e":[100,100,100]},{"i":{"x":[0.833,0.833,0.833],"y":[0.833,0.833,0.833]},"o":{"x":[0.167,0.167,0.167],"y":[0.167,0.167,0.167]},"t":11,"s":[100,100,100],"e":[100,100,100]},{"i":{"x":[0.833,0.833,0.833],"y":[0.833,0.833,0.833]},"o":{"x":[0.167,0.167,0.167],"y":[0.167,0.167,0.167]},"t":17,"s":[100,100,100],"e":[105,105,100]},{"i":{"x":[0.833,0.833,0.833],"y":[0.833,0.833,0.833]},"o":{"x":[0.167,0.167,0.167],"y":[0.167,0.167,0.167]},"t":18,"s":[105,105,100],"e":[74,74,100]},{"t":21}],"ix":6}},"ao":0,"shapes":[{"ty":"gr","it":[{"ind":0,"ty":"sh","ix":1,"ks":{"a":0,"k":{"i":[[0.551,0],[0,0.552],[-0.551,0],[0,-0.552]],"o":[[-0.551,0],[0,-0.552],[0.551,0],[0,0.552]],"v":[[0,1],[-1,0],[0,-1],[1,0]],"c":true},"ix":2},"nm":"Path 1","mn":"ADBE Vector Shape - Group","hd":false},{"ty":"fl","c":{"a":0,"k":[0,0,0,1],"ix":4},"o":{"a":0,"k":100,"ix":5},"r":1,"bm":0,"nm":"Fill 1","mn":"ADBE Vector Graphic - Fill","hd":false},{"ty":"st","c":{"a":0,"k":[0,0,0,1],"ix":3},"o":{"a":0,"k":100,"ix":4},"w":{"a":0,"k":1,"ix":5},"lc":2,"lj":1,"ml":10,"bm":0,"nm":"Stroke 1","mn":"ADBE Vector Graphic - Stroke","hd":false},{"ty":"tr","p":{"a":0,"k":[11.5,10.5],"ix":2},"a":{"a":0,"k":[0,0],"ix":1},"s":{"a":0,"k":[100,100],"ix":3},"r":{"a":0,"k":0,"ix":6},"o":{"a":0,"k":100,"ix":7},"sk":{"a":0,"k":0,"ix":4},"sa":{"a":0,"k":0,"ix":5},"nm":"Transform"}],"nm":"Group 4","np":3,"cix":2,"bm":0,"ix":1,"mn":"ADBE Vector Group","hd":false},{"ty":"gr","it":[{"ind":0,"ty":"sh","ix":1,"ks":{"a":1,"k":[{"i":{"x":0.833,"y":0.833},"o":{"x":0.167,"y":0.167},"t":8,"s":[{"i":[[0,0],[0,0],[0,0],[0,0]],"o":[[0,0],[0,0],[0,0],[0,0]],"v":[[-6.5,12],[6.5,12],[6.5,-12],[-6.5,-12]],"c":true}],"e":[{"i":[[0,0],[0,0],[0,0],[0,0]],"o":[[0,0],[0,0],[0,0],[0,0]],"v":[[-6.5,12],[6.5,12],[6.5,-12],[-3.5,-12]],"c":true}]},{"i":{"x":0.833,"y":0.833},"o":{"x":0.167,"y":0.167},"t":11,"s":[{"i":[[0,0],[0,0],[0,0],[0,0]],"o":[[0,0],[0,0],[0,0],[0,0]],"v":[[-6.5,12],[6.5,12],[6.5,-12],[-3.5,-12]],"c":true}],"e":[{"i":[[0,0],[0,0],[0,0],[0,0]],"o":[[0,0],[0,0],[0,0],[0,0]],"v":[[-6.5,12],[6.5,12],[6.5,-12],[-3.5,-12]],"c":true}]},{"i":{"x":0.833,"y":0.833},"o":{"x":0.167,"y":0.167},"t":17,"s":[{"i":[[0,0],[0,0],[0,0],[0,0]],"o":[[0,0],[0,0],[0,0],[0,0]],"v":[[-6.5,12],[6.5,12],[6.5,-12],[-3.5,-12]],"c":true}],"e":[{"i":[[0,0],[0,0],[0,0],[0,0]],"o":[[0,0],[0,0],[0,0],[0,0]],"v":[[-6.5,12],[6.5,12],[6.5,-12],[-6.5,-12]],"c":true}]},{"t":20}],"ix":2},"nm":"Path 1","mn":"ADBE Vector Shape - Group","hd":false},{"ty":"st","c":{"a":0,"k":[0,0,0,1],"ix":3},"o":{"a":0,"k":100,"ix":4},"w":{"a":0,"k":2,"ix":5},"lc":1,"lj":2,"bm":0,"nm":"Stroke 1","mn":"ADBE Vector Graphic - Stroke","hd":false},{"ty":"tr","p":{"a":0,"k":[9.5,18],"ix":2},"a":{"a":0,"k":[0,0],"ix":1},"s":{"a":0,"k":[100,100],"ix":3},"r":{"a":0,"k":0,"ix":6},"o":{"a":0,"k":100,"ix":7},"sk":{"a":0,"k":0,"ix":4},"sa":{"a":0,"k":0,"ix":5},"nm":"Transform"}],"nm":"Group 5","np":2,"cix":2,"bm":0,"ix":2,"mn":"ADBE Vector Group","hd":false},{"ty":"gr","it":[{"ind":0,"ty":"sh","ix":1,"ks":{"a":1,"k":[{"i":{"x":0.833,"y":0.833},"o":{"x":0.167,"y":0.167},"t":8,"s":[{"i":[[0.986,0],[0,0],[0,0],[0,0],[0,0],[0,0],[0,0],[0,0],[0,0],[0,0],[0,0],[0,0],[0,0],[0,0],[0,0],[-0.845,0],[0,0],[0,-1.654],[0.82,-0.442],[0,0],[0,0],[0,-1.271],[0.735,-0.409],[0,0],[0,0],[0,-1.044],[0.766,-0.543],[0,0],[0,0],[0,-1.06],[1.654,0],[0,0],[0,0],[0,0],[1.094,0.031]],"o":[[0,0],[0,0],[0,0],[0,0],[0,0],[0,0],[0,0],[0,0],[0,0],[0,0],[0,0],[0,0],[0,0],[0,0],[0.283,-0.798],[0,0],[1.654,0],[0,0.596],[0,0],[0,0],[1.202,0.422],[0,0.704],[0,0],[0,0],[0.898,0.542],[0,0.704],[0,0],[0,0],[0.912,0.551],[0,1.654],[0,0],[0,0],[0,0],[-0.627,-0.004],[-0.752,-0.021]],"v":[[-6.739,4],[-8.464,4],[-9.877,3.986],[-11.531,3.844],[-12.606,3.164],[-13.5,2],[-13.5,1],[-14.5,1],[-15.5,1],[-15.5,-18],[-14.5,-18],[-13.5,-18],[-13.329,-18],[-12.623,-18],[-12.387,-18.666],[-10.5,-20],[12.5,-20.038],[15.5,-17.038],[14.023,-14.995],[12.273,-14.278],[13.491,-13.851],[15.5,-11.019],[14.296,-8.872],[13.105,-8.187],[14.107,-7.582],[15.563,-5.009],[14.265,-2.832],[13.042,-2.177],[14.044,-1.572],[15.5,1],[12.5,4],[-2.123,4],[-3.487,4],[-4.185,4.004],[-5.408,4]],"c":true}],"e":[{"i":[[1.918,0],[0,0],[0,0],[0,0],[0,0],[0,0],[0,0],[0,0],[0,0],[0,0],[0,0],[0,0],[0,0],[0,0],[0,0],[-0.845,0],[0,0],[0,-1.654],[0.332,-0.495],[0,0],[0,0],[0,-1.271],[0.454,-0.539],[0,0],[0,0],[0,-1.044],[0.454,-0.539],[0,0],[0,0],[0,-1.06],[1.654,0],[0,0],[0,0],[0,0],[0,-1.082]],"o":[[0,0],[0,0],[0,0],[0,0],[0,0],[0,0],[0,0],[0,0],[0,0],[0,0],[0,0],[0,0],[0,0],[0,0],[0.283,-0.798],[0,0],[1.654,0],[0,0.596],[0,0],[0,0],[1.202,0.422],[0,0.704],[0,0],[0,0],[0.898,0.542],[0,0.704],[0,0],[0,0],[0.912,0.551],[0,1.654],[0,0],[0,0],[0,0],[1.002,3.176],[0,3.439]],"v":[[-5.962,20],[-8.5,20],[-8.5,12.236],[-8.5,12],[-8.606,11.789],[-13.5,2],[-13.5,1],[-14.5,1],[-15.5,1],[-15.5,-18],[-14.5,-18],[-13.5,-18],[-13.329,-18],[-12.623,-18],[-12.387,-18.666],[-10.5,-20],[8.5,-20],[11.5,-17],[10.992,-15.332],[10.273,-14.259],[11.491,-13.832],[13.5,-11],[12.796,-9.072],[12.042,-8.177],[13.044,-7.572],[14.5,-5],[13.796,-3.072],[13.042,-2.177],[14.044,-1.572],[15.5,1],[12.5,4],[-2.123,4],[-3.487,4],[-3.076,5.301],[-1.5,12]],"c":true}]},{"i":{"x":0.833,"y":0.833},"o":{"x":0.167,"y":0.167},"t":11,"s":[{"i":[[1.918,0],[0,0],[0,0],[0,0],[0,0],[0,0],[0,0],[0,0],[0,0],[0,0],[0,0],[0,0],[0,0],[0,0],[0,0],[-0.845,0],[0,0],[0,-1.654],[0.332,-0.495],[0,0],[0,0],[0,-1.271],[0.454,-0.539],[0,0],[0,0],[0,-1.044],[0.454,-0.539],[0,0],[0,0],[0,-1.06],[1.654,0],[0,0],[0,0],[0,0],[0,-1.082]],"o":[[0,0],[0,0],[0,0],[0,0],[0,0],[0,0],[0,0],[0,0],[0,0],[0,0],[0,0],[0,0],[0,0],[0,0],[0.283,-0.798],[0,0],[1.654,0],[0,0.596],[0,0],[0,0],[1.202,0.422],[0,0.704],[0,0],[0,0],[0.898,0.542],[0,0.704],[0,0],[0,0],[0.912,0.551],[0,1.654],[0,0],[0,0],[0,0],[1.002,3.176],[0,3.439]],"v":[[-5.962,20],[-8.5,20],[-8.5,12.236],[-8.5,12],[-8.606,11.789],[-13.5,2],[-13.5,1],[-14.5,1],[-15.5,1],[-15.5,-18],[-14.5,-18],[-13.5,-18],[-13.329,-18],[-12.623,-18],[-12.387,-18.666],[-10.5,-20],[8.5,-20],[11.5,-17],[10.992,-15.332],[10.273,-14.259],[11.491,-13.832],[13.5,-11],[12.796,-9.072],[12.042,-8.177],[13.044,-7.572],[14.5,-5],[13.796,-3.072],[13.042,-2.177],[14.044,-1.572],[15.5,1],[12.5,4],[-2.123,4],[-3.487,4],[-3.076,5.301],[-1.5,12]],"c":true}],"e":[{"i":[[1.918,0],[0,0],[0,0],[0,0],[0,0],[0,0],[0,0],[0,0],[0,0],[0,0],[0,0],[0,0],[0,0],[0,0],[0,0],[-0.845,0],[0,0],[0,-1.654],[0.332,-0.495],[0,0],[0,0],[0,-1.271],[0.454,-0.539],[0,0],[0,0],[0,-1.044],[0.454,-0.539],[0,0],[0,0],[0,-1.06],[1.654,0],[0,0],[0,0],[0,0],[0,-1.082]],"o":[[0,0],[0,0],[0,0],[0,0],[0,0],[0,0],[0,0],[0,0],[0,0],[0,0],[0,0],[0,0],[0,0],[0,0],[0.283,-0.798],[0,0],[1.654,0],[0,0.596],[0,0],[0,0],[1.202,0.422],[0,0.704],[0,0],[0,0],[0.898,0.542],[0,0.704],[0,0],[0,0],[0.912,0.551],[0,1.654],[0,0],[0,0],[0,0],[1.002,3.176],[0,3.439]],"v":[[-5.962,20],[-8.5,20],[-8.5,12.236],[-8.5,12],[-8.606,11.789],[-13.5,2],[-13.5,1],[-14.5,1],[-15.5,1],[-15.5,-18],[-14.5,-18],[-13.5,-18],[-13.329,-18],[-12.623,-18],[-12.387,-18.666],[-10.5,-20],[8.5,-20],[11.5,-17],[10.992,-15.332],[10.273,-14.259],[11.491,-13.832],[13.5,-11],[12.796,-9.072],[12.042,-8.177],[13.044,-7.572],[14.5,-5],[13.796,-3.072],[13.042,-2.177],[14.044,-1.572],[15.5,1],[12.5,4],[-2.123,4],[-3.487,4],[-3.076,5.301],[-1.5,12]],"c":true}]},{"i":{"x":0.833,"y":0.833},"o":{"x":0.167,"y":0.167},"t":17,"s":[{"i":[[1.918,0],[0,0],[0,0],[0,0],[0,0],[0,0],[0,0],[0,0],[0,0],[0,0],[0,0],[0,0],[0,0],[0,0],[0,0],[-0.845,0],[0,0],[0,-1.654],[0.332,-0.495],[0,0],[0,0],[0,-1.271],[0.454,-0.539],[0,0],[0,0],[0,-1.044],[0.454,-0.539],[0,0],[0,0],[0,-1.06],[1.654,0],[0,0],[0,0],[0,0],[0,-1.082]],"o":[[0,0],[0,0],[0,0],[0,0],[0,0],[0,0],[0,0],[0,0],[0,0],[0,0],[0,0],[0,0],[0,0],[0,0],[0.283,-0.798],[0,0],[1.654,0],[0,0.596],[0,0],[0,0],[1.202,0.422],[0,0.704],[0,0],[0,0],[0.898,0.542],[0,0.704],[0,0],[0,0],[0.912,0.551],[0,1.654],[0,0],[0,0],[0,0],[1.002,3.176],[0,3.439]],"v":[[-5.962,20],[-8.5,20],[-8.5,12.236],[-8.5,12],[-8.606,11.789],[-13.5,2],[-13.5,1],[-14.5,1],[-15.5,1],[-15.5,-18],[-14.5,-18],[-13.5,-18],[-13.329,-18],[-12.623,-18],[-12.387,-18.666],[-10.5,-20],[8.5,-20],[11.5,-17],[10.992,-15.332],[10.273,-14.259],[11.491,-13.832],[13.5,-11],[12.796,-9.072],[12.042,-8.177],[13.044,-7.572],[14.5,-5],[13.796,-3.072],[13.042,-2.177],[14.044,-1.572],[15.5,1],[12.5,4],[-2.123,4],[-3.487,4],[-3.076,5.301],[-1.5,12]],"c":true}],"e":[{"i":[[0.986,0],[0,0],[0,0],[0,0],[0,0],[0,0],[0,0],[0,0],[0,0],[0,0],[0,0],[0,0],[0,0],[0,0],[0,0],[-0.845,0],[0,0],[0,-1.654],[0.82,-0.442],[0,0],[0,0],[0,-1.271],[0.735,-0.409],[0,0],[0,0],[0,-1.044],[0.766,-0.543],[0,0],[0,0],[0,-1.06],[1.654,0],[0,0],[0,0],[0,0],[1.094,0.031]],"o":[[0,0],[0,0],[0,0],[0,0],[0,0],[0,0],[0,0],[0,0],[0,0],[0,0],[0,0],[0,0],[0,0],[0,0],[0.283,-0.798],[0,0],[1.654,0],[0,0.596],[0,0],[0,0],[1.202,0.422],[0,0.704],[0,0],[0,0],[0.898,0.542],[0,0.704],[0,0],[0,0],[0.912,0.551],[0,1.654],[0,0],[0,0],[0,0],[-0.627,-0.004],[-0.752,-0.021]],"v":[[-6.739,4],[-8.464,4],[-9.877,3.986],[-11.531,3.844],[-12.606,3.164],[-13.5,2],[-13.5,1],[-14.5,1],[-15.5,1],[-15.5,-18],[-14.5,-18],[-13.5,-18],[-13.329,-18],[-12.623,-18],[-12.387,-18.666],[-10.5,-20],[12.5,-20.038],[15.5,-17.038],[14.023,-14.995],[12.273,-14.278],[13.491,-13.851],[15.5,-11.019],[14.296,-8.872],[13.105,-8.187],[14.107,-7.582],[15.563,-5.01],[14.265,-2.832],[13.042,-2.177],[14.044,-1.572],[15.5,1],[12.5,4],[-2.123,4],[-3.487,4],[-4.185,4.004],[-5.408,4]],"c":true}]},{"t":20}],"ix":2},"nm":"Path 1","mn":"ADBE Vector Shape - Group","hd":false},{"ty":"st","c":{"a":0,"k":[0,0,0,1],"ix":3},"o":{"a":0,"k":100,"ix":4},"w":{"a":0,"k":2,"ix":5},"lc":1,"lj":2,"bm":0,"nm":"Stroke 1","mn":"ADBE Vector Graphic - Stroke","hd":false},{"ty":"tr","p":{"a":0,"k":[31.5,26],"ix":2},"a":{"a":0,"k":[0,0],"ix":1},"s":{"a":0,"k":[100,100],"ix":3},"r":{"a":0,"k":0,"ix":6},"o":{"a":0,"k":100,"ix":7},"sk":{"a":0,"k":0,"ix":4},"sa":{"a":0,"k":0,"ix":5},"nm":"Transform"}],"nm":"Group 6","np":2,"cix":2,"bm":0,"ix":3,"mn":"ADBE Vector Group","hd":false}],"ip":17,"op":21,"st":0,"bm":0},{"ddd":0,"ind":2,"ty":4,"nm":"Down","sr":1,"ks":{"o":{"a":0,"k":100,"ix":11},"r":{"a":0,"k":0,"ix":10},"p":{"a":0,"k":[25,25,0],"ix":2},"a":{"a":0,"k":[25,25,0],"ix":1},"s":{"a":0,"k":[100,100,100],"ix":6}},"ao":0,"shapes":[{"ty":"gr","it":[{"ind":0,"ty":"sh","ix":1,"ks":{"a":0,"k":{"i":[[0.551,0],[0,0.552],[-0.551,0],[0,-0.552]],"o":[[-0.551,0],[0,-0.552],[0.551,0],[0,0.552]],"v":[[0,1],[-1,0],[0,-1],[1,0]],"c":true},"ix":2},"nm":"Path 1","mn":"ADBE Vector Shape - Group","hd":false},{"ty":"fl","c":{"a":0,"k":[0,0,0,1],"ix":4},"o":{"a":0,"k":100,"ix":5},"r":1,"bm":0,"nm":"Fill 1","mn":"ADBE Vector Graphic - Fill","hd":false},{"ty":"st","c":{"a":0,"k":[0,0,0,1],"ix":3},"o":{"a":0,"k":100,"ix":4},"w":{"a":0,"k":1,"ix":5},"lc":2,"lj":1,"ml":10,"bm":0,"nm":"Stroke 1","mn":"ADBE Vector Graphic - Stroke","hd":false},{"ty":"tr","p":{"a":0,"k":[11.5,10.5],"ix":2},"a":{"a":0,"k":[0,0],"ix":1},"s":{"a":0,"k":[100,100],"ix":3},"r":{"a":0,"k":0,"ix":6},"o":{"a":0,"k":100,"ix":7},"sk":{"a":0,"k":0,"ix":4},"sa":{"a":0,"k":0,"ix":5},"nm":"Transform"}],"nm":"Group 4","np":3,"cix":2,"bm":0,"ix":1,"mn":"ADBE Vector Group","hd":false},{"ty":"gr","it":[{"ind":0,"ty":"sh","ix":1,"ks":{"a":0,"k":{"i":[[0,0],[0,0],[0,0],[0,0]],"o":[[0,0],[0,0],[0,0],[0,0]],"v":[[-6.5,12],[6.5,12],[6.5,-12],[-3.5,-12]],"c":true},"ix":2},"nm":"Path 1","mn":"ADBE Vector Shape - Group","hd":false},{"ty":"st","c":{"a":0,"k":[0,0,0,1],"ix":3},"o":{"a":0,"k":100,"ix":4},"w":{"a":0,"k":2,"ix":5},"lc":1,"lj":2,"bm":0,"nm":"Stroke 1","mn":"ADBE Vector Graphic - Stroke","hd":false},{"ty":"tr","p":{"a":0,"k":[9.5,18],"ix":2},"a":{"a":0,"k":[0,0],"ix":1},"s":{"a":0,"k":[100,100],"ix":3},"r":{"a":0,"k":0,"ix":6},"o":{"a":0,"k":100,"ix":7},"sk":{"a":0,"k":0,"ix":4},"sa":{"a":0,"k":0,"ix":5},"nm":"Transform"}],"nm":"Group 5","np":2,"cix":2,"bm":0,"ix":2,"mn":"ADBE Vector Group","hd":false},{"ty":"gr","it":[{"ind":0,"ty":"sh","ix":1,"ks":{"a":0,"k":{"i":[[1.918,0],[0,0],[0,0],[0,0],[0,0],[0,0],[0,0],[0,0],[0,0],[0,0],[0,0],[0,0],[0,0],[0,0],[0,0],[-0.845,0],[0,0],[0,-1.654],[0.332,-0.495],[0,0],[0,0],[0,-1.271],[0.454,-0.539],[0,0],[0,0],[0,-1.044],[0.454,-0.539],[0,0],[0,0],[0,-1.06],[1.654,0],[0,0],[0,0],[0,0],[0,-1.082]],"o":[[0,0],[0,0],[0,0],[0,0],[0,0],[0,0],[0,0],[0,0],[0,0],[0,0],[0,0],[0,0],[0,0],[0,0],[0.283,-0.798],[0,0],[1.654,0],[0,0.596],[0,0],[0,0],[1.202,0.422],[0,0.704],[0,0],[0,0],[0.898,0.542],[0,0.704],[0,0],[0,0],[0.912,0.551],[0,1.654],[0,0],[0,0],[0,0],[1.002,3.176],[0,3.439]],"v":[[-5.962,20],[-8.5,20],[-8.5,12.236],[-8.5,12],[-8.606,11.789],[-13.5,2],[-13.5,1],[-14.5,1],[-15.5,1],[-15.5,-18],[-14.5,-18],[-13.5,-18],[-13.329,-18],[-12.623,-18],[-12.387,-18.666],[-10.5,-20],[8.5,-20],[11.5,-17],[10.992,-15.332],[10.273,-14.259],[11.491,-13.832],[13.5,-11],[12.796,-9.072],[12.042,-8.177],[13.044,-7.572],[14.5,-5],[13.796,-3.072],[13.042,-2.177],[14.044,-1.572],[15.5,1],[12.5,4],[-2.123,4],[-3.487,4],[-3.076,5.301],[-1.5,12]],"c":true},"ix":2},"nm":"Path 1","mn":"ADBE Vector Shape - Group","hd":false},{"ty":"st","c":{"a":0,"k":[0,0,0,1],"ix":3},"o":{"a":0,"k":100,"ix":4},"w":{"a":0,"k":2,"ix":5},"lc":1,"lj":2,"bm":0,"nm":"Stroke 1","mn":"ADBE Vector Graphic - Stroke","hd":false},{"ty":"tr","p":{"a":0,"k":[31.5,26],"ix":2},"a":{"a":0,"k":[0,0],"ix":1},"s":{"a":0,"k":[100,100],"ix":3},"r":{"a":0,"k":0,"ix":6},"o":{"a":0,"k":100,"ix":7},"sk":{"a":0,"k":0,"ix":4},"sa":{"a":0,"k":0,"ix":5},"nm":"Transform"}],"nm":"Group 6","np":2,"cix":2,"bm":0,"ix":3,"mn":"ADBE Vector Group","hd":false}],"ip":11,"op":17,"st":0,"bm":0},{"ddd":0,"ind":3,"ty":4,"nm":"Mid 1","sr":1,"ks":{"o":{"a":0,"k":100,"ix":11},"r":{"a":1,"k":[{"i":{"x":[0.833],"y":[0.833]},"o":{"x":[0.167],"y":[0.167]},"t":7,"s":[-180],"e":[0]},{"i":{"x":[0.833],"y":[0.833]},"o":{"x":[0.167],"y":[0.167]},"t":10,"s":[0],"e":[0]},{"i":{"x":[0.833],"y":[0.833]},"o":{"x":[0.167],"y":[0.167]},"t":18,"s":[0],"e":[-180]},{"t":21}],"ix":10},"p":{"a":1,"k":[{"i":{"x":0.833,"y":0.833},"o":{"x":0.167,"y":0.167},"t":7,"s":[25,21.75,0],"e":[28,27.125,0],"to":[0,0.271,0],"ti":[0,-0.677,0]},{"i":{"x":0.833,"y":0.833},"o":{"x":0.167,"y":0.167},"t":9,"s":[28,27.125,0],"e":[25.477,26.194,0],"to":[0,0.342,0],"ti":[0.758,0.657,0]},{"i":{"x":0.833,"y":0.833},"o":{"x":0.167,"y":0.167},"t":10,"s":[25.477,26.194,0],"e":[25,25,0],"to":[-0.742,-0.644,0],"ti":[0,-0.134,0]},{"i":{"x":0.833,"y":0.833},"o":{"x":0.167,"y":0.167},"t":11,"s":[25,25,0],"e":[25,25,0],"to":[0,0.542,0],"ti":[0,-0.134,0]},{"i":{"x":0.833,"y":0.833},"o":{"x":0.167,"y":0.167},"t":17,"s":[25,25,0],"e":[25.477,26.194,0],"to":[0,0.542,0],"ti":[0.758,0.657,0]},{"i":{"x":0.833,"y":0.833},"o":{"x":0.167,"y":0.167},"t":18,"s":[25.477,26.194,0],"e":[28,27.125,0],"to":[-0.742,-0.644,0],"ti":[0,-0.677,0]},{"i":{"x":0.833,"y":0.833},"o":{"x":0.167,"y":0.167},"t":19,"s":[28,27.125,0],"e":[25,21.75,0],"to":[0,0.342,0],"ti":[0,-0.542,0]},{"t":21}],"ix":2},"a":{"a":0,"k":[25,25,0],"ix":1},"s":{"a":1,"k":[{"i":{"x":[0.833,0.833,0.833],"y":[0.833,0.833,0.833]},"o":{"x":[0.167,0.167,0.167],"y":[0.167,0.167,0.167]},"t":7,"s":[74,74,100],"e":[105,105,100]},{"i":{"x":[0.833,0.833,0.833],"y":[0.833,0.833,0.833]},"o":{"x":[0.167,0.167,0.167],"y":[0.167,0.167,0.167]},"t":10,"s":[105,105,100],"e":[100,100,100]},{"i":{"x":[0.833,0.833,0.833],"y":[0.833,0.833,0.833]},"o":{"x":[0.167,0.167,0.167],"y":[0.167,0.167,0.167]},"t":11,"s":[100,100,100],"e":[100,100,100]},{"i":{"x":[0.833,0.833,0.833],"y":[0.833,0.833,0.833]},"o":{"x":[0.167,0.167,0.167],"y":[0.167,0.167,0.167]},"t":17,"s":[100,100,100],"e":[105,105,100]},{"i":{"x":[0.833,0.833,0.833],"y":[0.833,0.833,0.833]},"o":{"x":[0.167,0.167,0.167],"y":[0.167,0.167,0.167]},"t":18,"s":[105,105,100],"e":[74,74,100]},{"t":21}],"ix":6}},"ao":0,"shapes":[{"ty":"gr","it":[{"ind":0,"ty":"sh","ix":1,"ks":{"a":0,"k":{"i":[[0.551,0],[0,0.552],[-0.551,0],[0,-0.552]],"o":[[-0.551,0],[0,-0.552],[0.551,0],[0,0.552]],"v":[[0,1],[-1,0],[0,-1],[1,0]],"c":true},"ix":2},"nm":"Path 1","mn":"ADBE Vector Shape - Group","hd":false},{"ty":"fl","c":{"a":0,"k":[0,0,0,1],"ix":4},"o":{"a":0,"k":100,"ix":5},"r":1,"bm":0,"nm":"Fill 1","mn":"ADBE Vector Graphic - Fill","hd":false},{"ty":"st","c":{"a":0,"k":[0,0,0,1],"ix":3},"o":{"a":0,"k":100,"ix":4},"w":{"a":0,"k":1,"ix":5},"lc":2,"lj":1,"ml":10,"bm":0,"nm":"Stroke 1","mn":"ADBE Vector Graphic - Stroke","hd":false},{"ty":"tr","p":{"a":0,"k":[11.5,10.5],"ix":2},"a":{"a":0,"k":[0,0],"ix":1},"s":{"a":0,"k":[100,100],"ix":3},"r":{"a":0,"k":0,"ix":6},"o":{"a":0,"k":100,"ix":7},"sk":{"a":0,"k":0,"ix":4},"sa":{"a":0,"k":0,"ix":5},"nm":"Transform"}],"nm":"Group 4","np":3,"cix":2,"bm":0,"ix":1,"mn":"ADBE Vector Group","hd":false},{"ty":"gr","it":[{"ind":0,"ty":"sh","ix":1,"ks":{"a":1,"k":[{"i":{"x":0.833,"y":0.833},"o":{"x":0.167,"y":0.167},"t":8,"s":[{"i":[[0,0],[0,0],[0,0],[0,0]],"o":[[0,0],[0,0],[0,0],[0,0]],"v":[[-6.5,12],[6.5,12],[6.5,-12],[-6.5,-12]],"c":true}],"e":[{"i":[[0,0],[0,0],[0,0],[0,0]],"o":[[0,0],[0,0],[0,0],[0,0]],"v":[[-6.5,12],[6.5,12],[6.5,-12],[-3.5,-12]],"c":true}]},{"i":{"x":0.833,"y":0.833},"o":{"x":0.167,"y":0.167},"t":11,"s":[{"i":[[0,0],[0,0],[0,0],[0,0]],"o":[[0,0],[0,0],[0,0],[0,0]],"v":[[-6.5,12],[6.5,12],[6.5,-12],[-3.5,-12]],"c":true}],"e":[{"i":[[0,0],[0,0],[0,0],[0,0]],"o":[[0,0],[0,0],[0,0],[0,0]],"v":[[-6.5,12],[6.5,12],[6.5,-12],[-3.5,-12]],"c":true}]},{"i":{"x":0.833,"y":0.833},"o":{"x":0.167,"y":0.167},"t":17,"s":[{"i":[[0,0],[0,0],[0,0],[0,0]],"o":[[0,0],[0,0],[0,0],[0,0]],"v":[[-6.5,12],[6.5,12],[6.5,-12],[-3.5,-12]],"c":true}],"e":[{"i":[[0,0],[0,0],[0,0],[0,0]],"o":[[0,0],[0,0],[0,0],[0,0]],"v":[[-6.5,12],[6.5,12],[6.5,-12],[-6.5,-12]],"c":true}]},{"t":20}],"ix":2},"nm":"Path 1","mn":"ADBE Vector Shape - Group","hd":false},{"ty":"st","c":{"a":0,"k":[0,0,0,1],"ix":3},"o":{"a":0,"k":100,"ix":4},"w":{"a":0,"k":2,"ix":5},"lc":1,"lj":2,"bm":0,"nm":"Stroke 1","mn":"ADBE Vector Graphic - Stroke","hd":false},{"ty":"tr","p":{"a":0,"k":[9.5,18],"ix":2},"a":{"a":0,"k":[0,0],"ix":1},"s":{"a":0,"k":[100,100],"ix":3},"r":{"a":0,"k":0,"ix":6},"o":{"a":0,"k":100,"ix":7},"sk":{"a":0,"k":0,"ix":4},"sa":{"a":0,"k":0,"ix":5},"nm":"Transform"}],"nm":"Group 5","np":2,"cix":2,"bm":0,"ix":2,"mn":"ADBE Vector Group","hd":false},{"ty":"gr","it":[{"ind":0,"ty":"sh","ix":1,"ks":{"a":1,"k":[{"i":{"x":0.833,"y":0.833},"o":{"x":0.167,"y":0.167},"t":8,"s":[{"i":[[0.986,0],[0,0],[0,0],[0,0],[0,0],[0,0],[0,0],[0,0],[0,0],[0,0],[0,0],[0,0],[0,0],[0,0],[0,0],[-0.845,0],[0,0],[0,-1.654],[0.82,-0.442],[0,0],[0,0],[0,-1.271],[0.735,-0.409],[0,0],[0,0],[0,-1.044],[0.766,-0.543],[0,0],[0,0],[0,-1.06],[1.654,0],[0,0],[0,0],[0,0],[1.094,0.031]],"o":[[0,0],[0,0],[0,0],[0,0],[0,0],[0,0],[0,0],[0,0],[0,0],[0,0],[0,0],[0,0],[0,0],[0,0],[0.283,-0.798],[0,0],[1.654,0],[0,0.596],[0,0],[0,0],[1.202,0.422],[0,0.704],[0,0],[0,0],[0.898,0.542],[0,0.704],[0,0],[0,0],[0.912,0.551],[0,1.654],[0,0],[0,0],[0,0],[-0.627,-0.004],[-0.752,-0.021]],"v":[[-6.739,4],[-8.464,4],[-9.877,3.986],[-11.531,3.844],[-12.606,3.164],[-13.5,2],[-13.5,1],[-14.5,1],[-15.5,1],[-15.5,-18],[-14.5,-18],[-13.5,-18],[-13.329,-18],[-12.623,-18],[-12.387,-18.666],[-10.5,-20],[12.5,-20.038],[15.5,-17.038],[14.023,-14.995],[12.273,-14.278],[13.491,-13.851],[15.5,-11.019],[14.296,-8.872],[13.105,-8.187],[14.107,-7.582],[15.563,-5.009],[14.265,-2.832],[13.042,-2.177],[14.044,-1.572],[15.5,1],[12.5,4],[-2.123,4],[-3.487,4],[-4.185,4.004],[-5.408,4]],"c":true}],"e":[{"i":[[1.918,0],[0,0],[0,0],[0,0],[0,0],[0,0],[0,0],[0,0],[0,0],[0,0],[0,0],[0,0],[0,0],[0,0],[0,0],[-0.845,0],[0,0],[0,-1.654],[0.332,-0.495],[0,0],[0,0],[0,-1.271],[0.454,-0.539],[0,0],[0,0],[0,-1.044],[0.454,-0.539],[0,0],[0,0],[0,-1.06],[1.654,0],[0,0],[0,0],[0,0],[0,-1.082]],"o":[[0,0],[0,0],[0,0],[0,0],[0,0],[0,0],[0,0],[0,0],[0,0],[0,0],[0,0],[0,0],[0,0],[0,0],[0.283,-0.798],[0,0],[1.654,0],[0,0.596],[0,0],[0,0],[1.202,0.422],[0,0.704],[0,0],[0,0],[0.898,0.542],[0,0.704],[0,0],[0,0],[0.912,0.551],[0,1.654],[0,0],[0,0],[0,0],[1.002,3.176],[0,3.439]],"v":[[-5.962,20],[-8.5,20],[-8.5,12.236],[-8.5,12],[-8.606,11.789],[-13.5,2],[-13.5,1],[-14.5,1],[-15.5,1],[-15.5,-18],[-14.5,-18],[-13.5,-18],[-13.329,-18],[-12.623,-18],[-12.387,-18.666],[-10.5,-20],[8.5,-20],[11.5,-17],[10.992,-15.332],[10.273,-14.259],[11.491,-13.832],[13.5,-11],[12.796,-9.072],[12.042,-8.177],[13.044,-7.572],[14.5,-5],[13.796,-3.072],[13.042,-2.177],[14.044,-1.572],[15.5,1],[12.5,4],[-2.123,4],[-3.487,4],[-3.076,5.301],[-1.5,12]],"c":true}]},{"i":{"x":0.833,"y":0.833},"o":{"x":0.167,"y":0.167},"t":11,"s":[{"i":[[1.918,0],[0,0],[0,0],[0,0],[0,0],[0,0],[0,0],[0,0],[0,0],[0,0],[0,0],[0,0],[0,0],[0,0],[0,0],[-0.845,0],[0,0],[0,-1.654],[0.332,-0.495],[0,0],[0,0],[0,-1.271],[0.454,-0.539],[0,0],[0,0],[0,-1.044],[0.454,-0.539],[0,0],[0,0],[0,-1.06],[1.654,0],[0,0],[0,0],[0,0],[0,-1.082]],"o":[[0,0],[0,0],[0,0],[0,0],[0,0],[0,0],[0,0],[0,0],[0,0],[0,0],[0,0],[0,0],[0,0],[0,0],[0.283,-0.798],[0,0],[1.654,0],[0,0.596],[0,0],[0,0],[1.202,0.422],[0,0.704],[0,0],[0,0],[0.898,0.542],[0,0.704],[0,0],[0,0],[0.912,0.551],[0,1.654],[0,0],[0,0],[0,0],[1.002,3.176],[0,3.439]],"v":[[-5.962,20],[-8.5,20],[-8.5,12.236],[-8.5,12],[-8.606,11.789],[-13.5,2],[-13.5,1],[-14.5,1],[-15.5,1],[-15.5,-18],[-14.5,-18],[-13.5,-18],[-13.329,-18],[-12.623,-18],[-12.387,-18.666],[-10.5,-20],[8.5,-20],[11.5,-17],[10.992,-15.332],[10.273,-14.259],[11.491,-13.832],[13.5,-11],[12.796,-9.072],[12.042,-8.177],[13.044,-7.572],[14.5,-5],[13.796,-3.072],[13.042,-2.177],[14.044,-1.572],[15.5,1],[12.5,4],[-2.123,4],[-3.487,4],[-3.076,5.301],[-1.5,12]],"c":true}],"e":[{"i":[[1.918,0],[0,0],[0,0],[0,0],[0,0],[0,0],[0,0],[0,0],[0,0],[0,0],[0,0],[0,0],[0,0],[0,0],[0,0],[-0.845,0],[0,0],[0,-1.654],[0.332,-0.495],[0,0],[0,0],[0,-1.271],[0.454,-0.539],[0,0],[0,0],[0,-1.044],[0.454,-0.539],[0,0],[0,0],[0,-1.06],[1.654,0],[0,0],[0,0],[0,0],[0,-1.082]],"o":[[0,0],[0,0],[0,0],[0,0],[0,0],[0,0],[0,0],[0,0],[0,0],[0,0],[0,0],[0,0],[0,0],[0,0],[0.283,-0.798],[0,0],[1.654,0],[0,0.596],[0,0],[0,0],[1.202,0.422],[0,0.704],[0,0],[0,0],[0.898,0.542],[0,0.704],[0,0],[0,0],[0.912,0.551],[0,1.654],[0,0],[0,0],[0,0],[1.002,3.176],[0,3.439]],"v":[[-5.962,20],[-8.5,20],[-8.5,12.236],[-8.5,12],[-8.606,11.789],[-13.5,2],[-13.5,1],[-14.5,1],[-15.5,1],[-15.5,-18],[-14.5,-18],[-13.5,-18],[-13.329,-18],[-12.623,-18],[-12.387,-18.666],[-10.5,-20],[8.5,-20],[11.5,-17],[10.992,-15.332],[10.273,-14.259],[11.491,-13.832],[13.5,-11],[12.796,-9.072],[12.042,-8.177],[13.044,-7.572],[14.5,-5],[13.796,-3.072],[13.042,-2.177],[14.044,-1.572],[15.5,1],[12.5,4],[-2.123,4],[-3.487,4],[-3.076,5.301],[-1.5,12]],"c":true}]},{"i":{"x":0.833,"y":0.833},"o":{"x":0.167,"y":0.167},"t":17,"s":[{"i":[[1.918,0],[0,0],[0,0],[0,0],[0,0],[0,0],[0,0],[0,0],[0,0],[0,0],[0,0],[0,0],[0,0],[0,0],[0,0],[-0.845,0],[0,0],[0,-1.654],[0.332,-0.495],[0,0],[0,0],[0,-1.271],[0.454,-0.539],[0,0],[0,0],[0,-1.044],[0.454,-0.539],[0,0],[0,0],[0,-1.06],[1.654,0],[0,0],[0,0],[0,0],[0,-1.082]],"o":[[0,0],[0,0],[0,0],[0,0],[0,0],[0,0],[0,0],[0,0],[0,0],[0,0],[0,0],[0,0],[0,0],[0,0],[0.283,-0.798],[0,0],[1.654,0],[0,0.596],[0,0],[0,0],[1.202,0.422],[0,0.704],[0,0],[0,0],[0.898,0.542],[0,0.704],[0,0],[0,0],[0.912,0.551],[0,1.654],[0,0],[0,0],[0,0],[1.002,3.176],[0,3.439]],"v":[[-5.962,20],[-8.5,20],[-8.5,12.236],[-8.5,12],[-8.606,11.789],[-13.5,2],[-13.5,1],[-14.5,1],[-15.5,1],[-15.5,-18],[-14.5,-18],[-13.5,-18],[-13.329,-18],[-12.623,-18],[-12.387,-18.666],[-10.5,-20],[8.5,-20],[11.5,-17],[10.992,-15.332],[10.273,-14.259],[11.491,-13.832],[13.5,-11],[12.796,-9.072],[12.042,-8.177],[13.044,-7.572],[14.5,-5],[13.796,-3.072],[13.042,-2.177],[14.044,-1.572],[15.5,1],[12.5,4],[-2.123,4],[-3.487,4],[-3.076,5.301],[-1.5,12]],"c":true}],"e":[{"i":[[0.986,0],[0,0],[0,0],[0,0],[0,0],[0,0],[0,0],[0,0],[0,0],[0,0],[0,0],[0,0],[0,0],[0,0],[0,0],[-0.845,0],[0,0],[0,-1.654],[0.82,-0.442],[0,0],[0,0],[0,-1.271],[0.735,-0.409],[0,0],[0,0],[0,-1.044],[0.766,-0.543],[0,0],[0,0],[0,-1.06],[1.654,0],[0,0],[0,0],[0,0],[1.094,0.031]],"o":[[0,0],[0,0],[0,0],[0,0],[0,0],[0,0],[0,0],[0,0],[0,0],[0,0],[0,0],[0,0],[0,0],[0,0],[0.283,-0.798],[0,0],[1.654,0],[0,0.596],[0,0],[0,0],[1.202,0.422],[0,0.704],[0,0],[0,0],[0.898,0.542],[0,0.704],[0,0],[0,0],[0.912,0.551],[0,1.654],[0,0],[0,0],[0,0],[-0.627,-0.004],[-0.752,-0.021]],"v":[[-6.739,4],[-8.464,4],[-9.877,3.986],[-11.531,3.844],[-12.606,3.164],[-13.5,2],[-13.5,1],[-14.5,1],[-15.5,1],[-15.5,-18],[-14.5,-18],[-13.5,-18],[-13.329,-18],[-12.623,-18],[-12.387,-18.666],[-10.5,-20],[12.5,-20.038],[15.5,-17.038],[14.023,-14.995],[12.273,-14.278],[13.491,-13.851],[15.5,-11.019],[14.296,-8.872],[13.105,-8.187],[14.107,-7.582],[15.563,-5.01],[14.265,-2.832],[13.042,-2.177],[14.044,-1.572],[15.5,1],[12.5,4],[-2.123,4],[-3.487,4],[-4.185,4.004],[-5.408,4]],"c":true}]},{"t":20}],"ix":2},"nm":"Path 1","mn":"ADBE Vector Shape - Group","hd":false},{"ty":"st","c":{"a":0,"k":[0,0,0,1],"ix":3},"o":{"a":0,"k":100,"ix":4},"w":{"a":0,"k":2,"ix":5},"lc":1,"lj":2,"bm":0,"nm":"Stroke 1","mn":"ADBE Vector Graphic - Stroke","hd":false},{"ty":"tr","p":{"a":0,"k":[31.5,26],"ix":2},"a":{"a":0,"k":[0,0],"ix":1},"s":{"a":0,"k":[100,100],"ix":3},"r":{"a":0,"k":0,"ix":6},"o":{"a":0,"k":100,"ix":7},"sk":{"a":0,"k":0,"ix":4},"sa":{"a":0,"k":0,"ix":5},"nm":"Transform"}],"nm":"Group 6","np":2,"cix":2,"bm":0,"ix":3,"mn":"ADBE Vector Group","hd":false}],"ip":7,"op":11,"st":0,"bm":0},{"ddd":0,"ind":4,"ty":4,"nm":"Up 2","sr":1,"ks":{"o":{"a":0,"k":100,"ix":11},"r":{"a":1,"k":[{"i":{"x":[0.833],"y":[0.833]},"o":{"x":[0.167],"y":[0.167]},"t":21,"s":[180],"e":[0]},{"t":24}],"ix":10},"p":{"a":1,"k":[{"i":{"x":0.833,"y":0.833},"o":{"x":0.167,"y":0.167},"t":21,"s":[25,32,0],"e":[28.5,24.584,0],"to":[0,1.167,0],"ti":[0,-1.017,0]},{"i":{"x":0.833,"y":0.833},"o":{"x":0.167,"y":0.167},"t":23,"s":[28.5,24.584,0],"e":[25,25,0],"to":[0,1.771,0],"ti":[0,-1.167,0]},{"t":24}],"ix":2},"a":{"a":0,"k":[25,25,0],"ix":1},"s":{"a":1,"k":[{"i":{"x":[0.833,0.833,0.833],"y":[0.833,0.833,0.833]},"o":{"x":[0.167,0.167,0.167],"y":[0.167,0.167,0.167]},"t":21,"s":[74,74,100],"e":[105,105,100]},{"i":{"x":[0.833,0.833,0.833],"y":[0.833,0.833,0.833]},"o":{"x":[0.167,0.167,0.167],"y":[0.167,0.167,0.167]},"t":24,"s":[105,105,100],"e":[100,100,100]},{"t":25}],"ix":6}},"ao":0,"shapes":[{"ty":"gr","it":[{"ind":0,"ty":"sh","ix":1,"ks":{"a":0,"k":{"i":[[0.551,0],[0,-0.552],[-0.551,0],[0,0.552]],"o":[[-0.551,0],[0,0.552],[0.551,0],[0,-0.552]],"v":[[0,-1],[-1,0],[0,1],[1,0]],"c":true},"ix":2},"nm":"Path 1","mn":"ADBE Vector Shape - Group","hd":false},{"ty":"fl","c":{"a":0,"k":[0,0,0,1],"ix":4},"o":{"a":0,"k":100,"ix":5},"r":1,"bm":0,"nm":"Fill 1","mn":"ADBE Vector Graphic - Fill","hd":false},{"ty":"st","c":{"a":0,"k":[0,0,0,1],"ix":3},"o":{"a":0,"k":100,"ix":4},"w":{"a":0,"k":1,"ix":5},"lc":2,"lj":1,"ml":10,"bm":0,"nm":"Stroke 1","mn":"ADBE Vector Graphic - Stroke","hd":false},{"ty":"tr","p":{"a":0,"k":[11.5,39.5],"ix":2},"a":{"a":0,"k":[0,0],"ix":1},"s":{"a":0,"k":[100,100],"ix":3},"r":{"a":0,"k":0,"ix":6},"o":{"a":0,"k":100,"ix":7},"sk":{"a":0,"k":0,"ix":4},"sa":{"a":0,"k":0,"ix":5},"nm":"Transform"}],"nm":"Group 7","np":3,"cix":2,"bm":0,"ix":1,"mn":"ADBE Vector Group","hd":false},{"ty":"gr","it":[{"ind":0,"ty":"sh","ix":1,"ks":{"a":1,"k":[{"i":{"x":0.833,"y":0.833},"o":{"x":0.167,"y":0.167},"t":22,"s":[{"i":[[0,0],[0,0],[0,0],[0,0]],"o":[[0,0],[0,0],[0,0],[0,0]],"v":[[-6.5,-12],[6.5,-12],[6.5,12],[-6.5,12]],"c":true}],"e":[{"i":[[0,0],[0,0],[0,0],[0,0]],"o":[[0,0],[0,0],[0,0],[0,0]],"v":[[-6.5,-12],[6.5,-12],[6.5,12],[-3.5,12]],"c":true}]},{"t":25}],"ix":2},"nm":"Path 1","mn":"ADBE Vector Shape - Group","hd":false},{"ty":"st","c":{"a":0,"k":[0,0,0,1],"ix":3},"o":{"a":0,"k":100,"ix":4},"w":{"a":0,"k":2,"ix":5},"lc":1,"lj":2,"bm":0,"nm":"Stroke 1","mn":"ADBE Vector Graphic - Stroke","hd":false},{"ty":"tr","p":{"a":0,"k":[9.5,32],"ix":2},"a":{"a":0,"k":[0,0],"ix":1},"s":{"a":0,"k":[100,100],"ix":3},"r":{"a":0,"k":0,"ix":6},"o":{"a":0,"k":100,"ix":7},"sk":{"a":0,"k":0,"ix":4},"sa":{"a":0,"k":0,"ix":5},"nm":"Transform"}],"nm":"Group 8","np":2,"cix":2,"bm":0,"ix":2,"mn":"ADBE Vector Group","hd":false},{"ty":"gr","it":[{"ind":0,"ty":"sh","ix":1,"ks":{"a":1,"k":[{"i":{"x":0.833,"y":0.833},"o":{"x":0.167,"y":0.167},"t":21,"s":[{"i":[[0,0],[-0.524,0.008],[-0.393,0.02],[0,0],[0,0],[0,0],[0,-1.654],[0.912,-0.551],[0,0],[0,0],[0,-0.704],[0.898,-0.543],[0,0],[0,0],[0,-0.704],[1.202,-0.423],[0,0],[0,0],[0,-0.596],[1.654,0],[0,0],[0.283,0.798],[0,0],[0,0],[0,0],[0,0],[0,0],[0,0],[0,0],[0,0],[0,0],[0,0],[0,0],[0,0],[0,0]],"o":[[0.548,-0.023],[0.687,0],[0,0],[0,0],[0,0],[1.654,0],[0,1.06],[0,0],[0,0],[0.735,0.459],[0,1.044],[0,0],[0,0],[0.673,0.522],[0,1.271],[0,0],[0,0],[0.664,0.387],[0,1.654],[0,0],[-0.845,0],[0,0],[0,0],[0,0],[0,0],[0,0],[0,0],[0,0],[0,0],[0,0],[0,0],[0,0],[0,0],[0,0],[0,0]],"v":[[-6.65,-3.938],[-5.375,-3.969],[-4.264,-3.988],[-3.487,-4],[-2.123,-4],[12.5,-4],[15.5,-1],[14.044,1.572],[13.042,2.177],[14.327,2.853],[15.531,5],[14.075,7.572],[13.073,8.177],[14.359,8.947],[15.469,11],[13.46,13.832],[12.242,14.26],[13.961,15.051],[15.219,17],[12.219,20],[-10.5,20],[-12.387,18.666],[-12.623,18],[-13.329,18],[-13.5,18],[-14.5,18],[-15.5,18],[-15.5,-1],[-14.5,-1],[-13.5,-1],[-13.5,-2],[-12.012,-2.867],[-10.125,-3.906],[-9.031,-3.924],[-7.875,-3.938]],"c":true}],"e":[{"i":[[0,0],[0,-3.439],[1.002,-3.175],[0,0],[0,0],[0,0],[0,-1.654],[0.912,-0.551],[0,0],[0,0],[0,-0.704],[0.898,-0.543],[0,0],[0,0],[0,-0.704],[1.202,-0.423],[0,0],[0,0],[0,-0.596],[1.654,0],[0,0],[0.283,0.798],[0,0],[0,0],[0,0],[0,0],[0,0],[0,0],[0,0],[0,0],[0,0],[0,0],[0,0],[0,0],[0,0]],"o":[[1.918,0],[0,1.082],[0,0],[0,0],[0,0],[1.654,0],[0,1.06],[0,0],[0,0],[0.454,0.539],[0,1.044],[0,0],[0,0],[0.454,0.539],[0,1.271],[0,0],[0,0],[0.332,0.495],[0,1.654],[0,0],[-0.845,0],[0,0],[0,0],[0,0],[0,0],[0,0],[0,0],[0,0],[0,0],[0,0],[0,0],[0,0],[0,0],[0,0],[0,0]],"v":[[-5.962,-20],[-1.5,-12],[-3.076,-5.301],[-3.487,-4],[-2.123,-4],[12.5,-4],[15.5,-1],[14.044,1.572],[13.042,2.177],[13.796,3.072],[14.5,5],[13.044,7.572],[12.042,8.177],[12.796,9.072],[13.5,11],[11.491,13.832],[10.273,14.26],[10.992,15.332],[11.5,17],[8.5,20],[-10.5,20],[-12.387,18.666],[-12.623,18],[-13.329,18],[-13.5,18],[-14.5,18],[-15.5,18],[-15.5,-1],[-14.5,-1],[-13.5,-1],[-13.5,-2],[-8.606,-11.789],[-8.5,-12],[-8.5,-12.236],[-8.5,-20]],"c":true}]},{"t":24}],"ix":2},"nm":"Path 1","mn":"ADBE Vector Shape - Group","hd":false},{"ty":"st","c":{"a":0,"k":[0,0,0,1],"ix":3},"o":{"a":0,"k":100,"ix":4},"w":{"a":0,"k":2,"ix":5},"lc":1,"lj":2,"bm":0,"nm":"Stroke 1","mn":"ADBE Vector Graphic - Stroke","hd":false},{"ty":"tr","p":{"a":0,"k":[31.5,24],"ix":2},"a":{"a":0,"k":[0,0],"ix":1},"s":{"a":0,"k":[100,100],"ix":3},"r":{"a":0,"k":0,"ix":6},"o":{"a":0,"k":100,"ix":7},"sk":{"a":0,"k":0,"ix":4},"sa":{"a":0,"k":0,"ix":5},"nm":"Transform"}],"nm":"Group 9","np":2,"cix":2,"bm":0,"ix":3,"mn":"ADBE Vector Group","hd":false}],"ip":21,"op":28,"st":21,"bm":0},{"ddd":0,"ind":5,"ty":4,"nm":"Up 1","sr":1,"ks":{"o":{"a":0,"k":100,"ix":11},"r":{"a":1,"k":[{"i":{"x":[0.833],"y":[0.833]},"o":{"x":[0.167],"y":[0.167]},"t":4,"s":[0],"e":[180]},{"t":7}],"ix":10},"p":{"a":1,"k":[{"i":{"x":0.833,"y":0.833},"o":{"x":0.167,"y":0.167},"t":4,"s":[25,25,0],"e":[28.5,24.584,0],"to":[0,0.426,0],"ti":[0,-1.017,0]},{"i":{"x":0.833,"y":0.833},"o":{"x":0.167,"y":0.167},"t":5,"s":[28.5,24.584,0],"e":[25,32,0],"to":[0,1.771,0],"ti":[0,-0.741,0]},{"t":7}],"ix":2},"a":{"a":0,"k":[25,25,0],"ix":1},"s":{"a":1,"k":[{"i":{"x":[0.833,0.833,0.833],"y":[0.833,0.833,0.833]},"o":{"x":[0.167,0.167,0.167],"y":[0.167,0.167,0.167]},"t":3,"s":[100,100,100],"e":[105,105,100]},{"i":{"x":[0.833,0.833,0.833],"y":[0.833,0.833,0.833]},"o":{"x":[0.167,0.167,0.167],"y":[0.167,0.167,0.167]},"t":4,"s":[105,105,100],"e":[74,74,100]},{"t":7}],"ix":6}},"ao":0,"shapes":[{"ty":"gr","it":[{"ind":0,"ty":"sh","ix":1,"ks":{"a":0,"k":{"i":[[0.551,0],[0,-0.552],[-0.551,0],[0,0.552]],"o":[[-0.551,0],[0,0.552],[0.551,0],[0,-0.552]],"v":[[0,-1],[-1,0],[0,1],[1,0]],"c":true},"ix":2},"nm":"Path 1","mn":"ADBE Vector Shape - Group","hd":false},{"ty":"fl","c":{"a":0,"k":[0,0,0,1],"ix":4},"o":{"a":0,"k":100,"ix":5},"r":1,"bm":0,"nm":"Fill 1","mn":"ADBE Vector Graphic - Fill","hd":false},{"ty":"st","c":{"a":0,"k":[0,0,0,1],"ix":3},"o":{"a":0,"k":100,"ix":4},"w":{"a":0,"k":1,"ix":5},"lc":2,"lj":1,"ml":10,"bm":0,"nm":"Stroke 1","mn":"ADBE Vector Graphic - Stroke","hd":false},{"ty":"tr","p":{"a":0,"k":[11.5,39.5],"ix":2},"a":{"a":0,"k":[0,0],"ix":1},"s":{"a":0,"k":[100,100],"ix":3},"r":{"a":0,"k":0,"ix":6},"o":{"a":0,"k":100,"ix":7},"sk":{"a":0,"k":0,"ix":4},"sa":{"a":0,"k":0,"ix":5},"nm":"Transform"}],"nm":"Group 7","np":3,"cix":2,"bm":0,"ix":1,"mn":"ADBE Vector Group","hd":false},{"ty":"gr","it":[{"ind":0,"ty":"sh","ix":1,"ks":{"a":1,"k":[{"i":{"x":0.833,"y":0.833},"o":{"x":0.167,"y":0.167},"t":3,"s":[{"i":[[0,0],[0,0],[0,0],[0,0]],"o":[[0,0],[0,0],[0,0],[0,0]],"v":[[-6.5,-12],[6.5,-12],[6.5,12],[-3.5,12]],"c":true}],"e":[{"i":[[0,0],[0,0],[0,0],[0,0]],"o":[[0,0],[0,0],[0,0],[0,0]],"v":[[-6.5,-12],[6.5,-12],[6.5,12],[-6.5,12]],"c":true}]},{"t":6}],"ix":2},"nm":"Path 1","mn":"ADBE Vector Shape - Group","hd":false},{"ty":"st","c":{"a":0,"k":[0,0,0,1],"ix":3},"o":{"a":0,"k":100,"ix":4},"w":{"a":0,"k":2,"ix":5},"lc":1,"lj":2,"bm":0,"nm":"Stroke 1","mn":"ADBE Vector Graphic - Stroke","hd":false},{"ty":"tr","p":{"a":0,"k":[9.5,32],"ix":2},"a":{"a":0,"k":[0,0],"ix":1},"s":{"a":0,"k":[100,100],"ix":3},"r":{"a":0,"k":0,"ix":6},"o":{"a":0,"k":100,"ix":7},"sk":{"a":0,"k":0,"ix":4},"sa":{"a":0,"k":0,"ix":5},"nm":"Transform"}],"nm":"Group 8","np":2,"cix":2,"bm":0,"ix":2,"mn":"ADBE Vector Group","hd":false},{"ty":"gr","it":[{"ind":0,"ty":"sh","ix":1,"ks":{"a":1,"k":[{"i":{"x":0.833,"y":0.833},"o":{"x":0.167,"y":0.167},"t":4,"s":[{"i":[[0,0],[0,-3.439],[1.002,-3.175],[0,0],[0,0],[0,0],[0,-1.654],[0.912,-0.551],[0,0],[0,0],[0,-0.704],[0.898,-0.543],[0,0],[0,0],[0,-0.704],[1.202,-0.423],[0,0],[0,0],[0,-0.596],[1.654,0],[0,0],[0.283,0.798],[0,0],[0,0],[0,0],[0,0],[0,0],[0,0],[0,0],[0,0],[0,0],[0,0],[0,0],[0,0],[0,0]],"o":[[1.918,0],[0,1.082],[0,0],[0,0],[0,0],[1.654,0],[0,1.06],[0,0],[0,0],[0.454,0.539],[0,1.044],[0,0],[0,0],[0.454,0.539],[0,1.271],[0,0],[0,0],[0.332,0.495],[0,1.654],[0,0],[-0.845,0],[0,0],[0,0],[0,0],[0,0],[0,0],[0,0],[0,0],[0,0],[0,0],[0,0],[0,0],[0,0],[0,0],[0,0]],"v":[[-5.962,-20],[-1.5,-12],[-3.076,-5.301],[-3.487,-4],[-2.123,-4],[12.5,-4],[15.5,-1],[14.044,1.572],[13.042,2.177],[13.796,3.072],[14.5,5],[13.044,7.572],[12.042,8.177],[12.796,9.072],[13.5,11],[11.491,13.832],[10.273,14.26],[10.992,15.332],[11.5,17],[8.5,20],[-10.5,20],[-12.387,18.666],[-12.623,18],[-13.329,18],[-13.5,18],[-14.5,18],[-15.5,18],[-15.5,-1],[-14.5,-1],[-13.5,-1],[-13.5,-2],[-8.606,-11.789],[-8.5,-12],[-8.5,-12.236],[-8.5,-20]],"c":true}],"e":[{"i":[[0,0],[-0.524,0.008],[-0.393,0.02],[0,0],[0,0],[0,0],[0,-1.654],[0.912,-0.551],[0,0],[0,0],[0,-0.704],[0.898,-0.543],[0,0],[0,0],[0,-0.704],[1.202,-0.423],[0,0],[0,0],[0,-0.596],[1.654,0],[0,0],[0.283,0.798],[0,0],[0,0],[0,0],[0,0],[0,0],[0,0],[0,0],[0,0],[0,0],[0,0],[0,0],[0,0],[0,0]],"o":[[0.548,-0.023],[0.687,0],[0,0],[0,0],[0,0],[1.654,0],[0,1.06],[0,0],[0,0],[0.735,0.459],[0,1.044],[0,0],[0,0],[0.673,0.522],[0,1.271],[0,0],[0,0],[0.664,0.387],[0,1.654],[0,0],[-0.845,0],[0,0],[0,0],[0,0],[0,0],[0,0],[0,0],[0,0],[0,0],[0,0],[0,0],[0,0],[0,0],[0,0],[0,0]],"v":[[-6.65,-3.938],[-5.375,-3.969],[-4.264,-3.988],[-3.487,-4],[-2.123,-4],[12.5,-4],[15.5,-1],[14.044,1.572],[13.042,2.177],[14.327,2.853],[15.531,5],[14.075,7.572],[13.073,8.177],[14.359,8.947],[15.469,11],[13.46,13.832],[12.242,14.26],[13.961,15.051],[15.219,17],[12.219,20],[-10.5,20],[-12.387,18.666],[-12.623,18],[-13.329,18],[-13.5,18],[-14.5,18],[-15.5,18],[-15.5,-1],[-14.5,-1],[-13.5,-1],[-13.5,-2],[-12.012,-2.867],[-10.125,-3.906],[-9.031,-3.924],[-7.875,-3.938]],"c":true}]},{"t":7}],"ix":2},"nm":"Path 1","mn":"ADBE Vector Shape - Group","hd":false},{"ty":"st","c":{"a":0,"k":[0,0,0,1],"ix":3},"o":{"a":0,"k":100,"ix":4},"w":{"a":0,"k":2,"ix":5},"lc":1,"lj":2,"bm":0,"nm":"Stroke 1","mn":"ADBE Vector Graphic - Stroke","hd":false},{"ty":"tr","p":{"a":0,"k":[31.5,24],"ix":2},"a":{"a":0,"k":[0,0],"ix":1},"s":{"a":0,"k":[100,100],"ix":3},"r":{"a":0,"k":0,"ix":6},"o":{"a":0,"k":100,"ix":7},"sk":{"a":0,"k":0,"ix":4},"sa":{"a":0,"k":0,"ix":5},"nm":"Transform"}],"nm":"Group 9","np":2,"cix":2,"bm":0,"ix":3,"mn":"ADBE Vector Group","hd":false}],"ip":0,"op":7,"st":0,"bm":0}],"markers":[]}