{"v":"5.4.4","fr":24,"ip":0,"op":28,"w":50,"h":50,"nm":"spinner-5","ddd":0,"assets":[],"layers":[{"ddd":0,"ind":1,"ty":4,"nm":"Circle 8","sr":1,"ks":{"o":{"a":0,"k":100,"ix":11},"r":{"a":0,"k":0,"ix":10},"p":{"a":0,"k":[25,25,0],"ix":2},"a":{"a":0,"k":[25,25,0],"ix":1},"s":{"a":0,"k":[100,100,100],"ix":6}},"ao":0,"shapes":[{"ty":"gr","it":[{"ind":0,"ty":"sh","ix":1,"ks":{"a":0,"k":{"i":[[1.182,1.182],[-1.182,1.182],[-1.182,-1.182],[1.182,-1.182]],"o":[[-1.182,-1.182],[1.182,-1.182],[1.182,1.182],[-1.182,1.182]],"v":[[-2.121,2.121],[-2.121,-2.122],[2.122,-2.122],[2.122,2.121]],"c":true},"ix":2},"nm":"Path 1","mn":"ADBE Vector Shape - Group","hd":false},{"ind":1,"ty":"sh","ix":2,"ks":{"a":0,"k":{"i":[[1.947,1.948],[1.947,-1.947],[-1.948,-1.948],[-1.948,1.948]],"o":[[-1.948,-1.947],[-1.948,1.948],[1.947,1.948],[1.947,-1.948]],"v":[[3.536,-3.536],[-3.535,-3.536],[-3.535,3.535],[3.536,3.535]],"c":true},"ix":2},"nm":"Path 2","mn":"ADBE Vector Shape - Group","hd":false},{"ty":"fl","c":{"a":0,"k":[0,0,0,1],"ix":4},"o":{"a":0,"k":100,"ix":5},"r":1,"bm":0,"nm":"Fill 1","mn":"ADBE Vector Graphic - Fill","hd":false},{"ty":"tr","p":{"a":0,"k":[37.02,12.98],"ix":2},"a":{"a":0,"k":[0,0],"ix":1},"s":{"a":1,"k":[{"i":{"x":[0.429,0.429],"y":[1,1]},"o":{"x":[0.569,0.569],"y":[0.642,0.642]},"t":24,"s":[100,100],"e":[30,30]},{"i":{"x":[0.428,0.428],"y":[0.337,0.337]},"o":{"x":[0.571,0.571],"y":[0,0]},"t":38,"s":[30,30],"e":[100,100]},{"t":52}],"ix":3},"r":{"a":0,"k":0,"ix":6},"o":{"a":0,"k":100,"ix":7},"sk":{"a":0,"k":0,"ix":4},"sa":{"a":0,"k":0,"ix":5},"nm":"Transform"}],"nm":"Group 3","np":3,"cix":2,"bm":0,"ix":1,"mn":"ADBE Vector Group","hd":false}],"ip":24,"op":52,"st":24,"bm":0},{"ddd":0,"ind":2,"ty":4,"nm":"Circle 8","sr":1,"ks":{"o":{"a":0,"k":100,"ix":11},"r":{"a":0,"k":0,"ix":10},"p":{"a":0,"k":[25,25,0],"ix":2},"a":{"a":0,"k":[25,25,0],"ix":1},"s":{"a":0,"k":[100,100,100],"ix":6}},"ao":0,"shapes":[{"ty":"gr","it":[{"ind":0,"ty":"sh","ix":1,"ks":{"a":0,"k":{"i":[[1.182,1.182],[-1.182,1.182],[-1.182,-1.182],[1.182,-1.182]],"o":[[-1.182,-1.182],[1.182,-1.182],[1.182,1.182],[-1.182,1.182]],"v":[[-2.121,2.121],[-2.121,-2.122],[2.122,-2.122],[2.122,2.121]],"c":true},"ix":2},"nm":"Path 1","mn":"ADBE Vector Shape - Group","hd":false},{"ind":1,"ty":"sh","ix":2,"ks":{"a":0,"k":{"i":[[1.947,1.948],[1.947,-1.947],[-1.948,-1.948],[-1.948,1.948]],"o":[[-1.948,-1.947],[-1.948,1.948],[1.947,1.948],[1.947,-1.948]],"v":[[3.536,-3.536],[-3.535,-3.536],[-3.535,3.535],[3.536,3.535]],"c":true},"ix":2},"nm":"Path 2","mn":"ADBE Vector Shape - Group","hd":false},{"ty":"fl","c":{"a":0,"k":[0,0,0,1],"ix":4},"o":{"a":0,"k":100,"ix":5},"r":1,"bm":0,"nm":"Fill 1","mn":"ADBE Vector Graphic - Fill","hd":false},{"ty":"tr","p":{"a":0,"k":[37.02,12.98],"ix":2},"a":{"a":0,"k":[0,0],"ix":1},"s":{"a":1,"k":[{"i":{"x":[0.429,0.429],"y":[1,1]},"o":{"x":[0.569,0.569],"y":[0.642,0.642]},"t":-4,"s":[100,100],"e":[30,30]},{"i":{"x":[0.428,0.428],"y":[0.337,0.337]},"o":{"x":[0.571,0.571],"y":[0,0]},"t":10,"s":[30,30],"e":[100,100]},{"t":24}],"ix":3},"r":{"a":0,"k":0,"ix":6},"o":{"a":0,"k":100,"ix":7},"sk":{"a":0,"k":0,"ix":4},"sa":{"a":0,"k":0,"ix":5},"nm":"Transform"}],"nm":"Group 3","np":3,"cix":2,"bm":0,"ix":1,"mn":"ADBE Vector Group","hd":false}],"ip":-4,"op":24,"st":-4,"bm":0},{"ddd":0,"ind":3,"ty":4,"nm":"Circle 7","sr":1,"ks":{"o":{"a":0,"k":100,"ix":11},"r":{"a":0,"k":0,"ix":10},"p":{"a":0,"k":[25,25,0],"ix":2},"a":{"a":0,"k":[25,25,0],"ix":1},"s":{"a":0,"k":[100,100,100],"ix":6}},"ao":0,"shapes":[{"ty":"gr","it":[{"ind":0,"ty":"sh","ix":1,"ks":{"a":0,"k":{"i":[[0,-1.671],[1.672,0],[0,1.672],[-1.672,0]],"o":[[0,1.672],[-1.672,0],[0,-1.671],[1.672,0]],"v":[[3,0],[0,3],[-3,0],[0,-3]],"c":true},"ix":2},"nm":"Path 1","mn":"ADBE Vector Shape - Group","hd":false},{"ind":1,"ty":"sh","ix":2,"ks":{"a":0,"k":{"i":[[0,-2.754],[-2.755,0],[0,2.755],[2.755,0]],"o":[[0,2.755],[2.755,0],[0,-2.754],[-2.755,0]],"v":[[-5,0],[0,5],[5,0],[0,-5]],"c":true},"ix":2},"nm":"Path 2","mn":"ADBE Vector Shape - Group","hd":false},{"ty":"fl","c":{"a":0,"k":[0,0,0,1],"ix":4},"o":{"a":0,"k":100,"ix":5},"r":1,"bm":0,"nm":"Fill 1","mn":"ADBE Vector Graphic - Fill","hd":false},{"ty":"tr","p":{"a":0,"k":[42,25],"ix":2},"a":{"a":0,"k":[0,0],"ix":1},"s":{"a":1,"k":[{"i":{"x":[0.429,0.429],"y":[1,1]},"o":{"x":[0.569,0.569],"y":[0.642,0.642]},"t":21,"s":[100,100],"e":[30,30]},{"i":{"x":[0.428,0.428],"y":[0.337,0.337]},"o":{"x":[0.571,0.571],"y":[0,0]},"t":35,"s":[30,30],"e":[100,100]},{"t":49}],"ix":3},"r":{"a":0,"k":0,"ix":6},"o":{"a":0,"k":100,"ix":7},"sk":{"a":0,"k":0,"ix":4},"sa":{"a":0,"k":0,"ix":5},"nm":"Transform"}],"nm":"Group 6","np":3,"cix":2,"bm":0,"ix":1,"mn":"ADBE Vector Group","hd":false}],"ip":21,"op":49,"st":21,"bm":0},{"ddd":0,"ind":4,"ty":4,"nm":"Circle 7","sr":1,"ks":{"o":{"a":0,"k":100,"ix":11},"r":{"a":0,"k":0,"ix":10},"p":{"a":0,"k":[25,25,0],"ix":2},"a":{"a":0,"k":[25,25,0],"ix":1},"s":{"a":0,"k":[100,100,100],"ix":6}},"ao":0,"shapes":[{"ty":"gr","it":[{"ind":0,"ty":"sh","ix":1,"ks":{"a":0,"k":{"i":[[0,-1.671],[1.672,0],[0,1.672],[-1.672,0]],"o":[[0,1.672],[-1.672,0],[0,-1.671],[1.672,0]],"v":[[3,0],[0,3],[-3,0],[0,-3]],"c":true},"ix":2},"nm":"Path 1","mn":"ADBE Vector Shape - Group","hd":false},{"ind":1,"ty":"sh","ix":2,"ks":{"a":0,"k":{"i":[[0,-2.754],[-2.755,0],[0,2.755],[2.755,0]],"o":[[0,2.755],[2.755,0],[0,-2.754],[-2.755,0]],"v":[[-5,0],[0,5],[5,0],[0,-5]],"c":true},"ix":2},"nm":"Path 2","mn":"ADBE Vector Shape - Group","hd":false},{"ty":"fl","c":{"a":0,"k":[0,0,0,1],"ix":4},"o":{"a":0,"k":100,"ix":5},"r":1,"bm":0,"nm":"Fill 1","mn":"ADBE Vector Graphic - Fill","hd":false},{"ty":"tr","p":{"a":0,"k":[42,25],"ix":2},"a":{"a":0,"k":[0,0],"ix":1},"s":{"a":1,"k":[{"i":{"x":[0.429,0.429],"y":[1,1]},"o":{"x":[0.569,0.569],"y":[0.642,0.642]},"t":-7,"s":[100,100],"e":[30,30]},{"i":{"x":[0.428,0.428],"y":[0.337,0.337]},"o":{"x":[0.571,0.571],"y":[0,0]},"t":7,"s":[30,30],"e":[100,100]},{"t":21}],"ix":3},"r":{"a":0,"k":0,"ix":6},"o":{"a":0,"k":100,"ix":7},"sk":{"a":0,"k":0,"ix":4},"sa":{"a":0,"k":0,"ix":5},"nm":"Transform"}],"nm":"Group 6","np":3,"cix":2,"bm":0,"ix":1,"mn":"ADBE Vector Group","hd":false}],"ip":-7,"op":21,"st":-7,"bm":0},{"ddd":0,"ind":5,"ty":4,"nm":"Circle 6","sr":1,"ks":{"o":{"a":0,"k":100,"ix":11},"r":{"a":0,"k":0,"ix":10},"p":{"a":0,"k":[25,25,0],"ix":2},"a":{"a":0,"k":[25,25,0],"ix":1},"s":{"a":0,"k":[100,100,100],"ix":6}},"ao":0,"shapes":[{"ty":"gr","it":[{"ind":0,"ty":"sh","ix":1,"ks":{"a":0,"k":{"i":[[1.182,-1.183],[1.181,1.182],[-1.182,1.181],[-1.183,-1.182]],"o":[[-1.183,1.182],[-1.182,-1.183],[1.181,-1.182],[1.182,1.181]],"v":[[2.122,2.122],[-2.121,2.122],[-2.121,-2.121],[2.122,-2.121]],"c":true},"ix":2},"nm":"Path 1","mn":"ADBE Vector Shape - Group","hd":false},{"ind":1,"ty":"sh","ix":2,"ks":{"a":0,"k":{"i":[[1.947,-1.948],[-1.948,-1.948],[-1.948,1.947],[1.947,1.947]],"o":[[-1.948,1.947],[1.947,1.947],[1.947,-1.948],[-1.948,-1.948]],"v":[[-3.535,-3.535],[-3.535,3.536],[3.536,3.536],[3.536,-3.535]],"c":true},"ix":2},"nm":"Path 2","mn":"ADBE Vector Shape - Group","hd":false},{"ty":"fl","c":{"a":0,"k":[0,0,0,1],"ix":4},"o":{"a":0,"k":100,"ix":5},"r":1,"bm":0,"nm":"Fill 1","mn":"ADBE Vector Graphic - Fill","hd":false},{"ty":"tr","p":{"a":0,"k":[37.021,37.021],"ix":2},"a":{"a":0,"k":[0,0],"ix":1},"s":{"a":1,"k":[{"i":{"x":[0.429,0.429],"y":[1,1]},"o":{"x":[0.569,0.569],"y":[0.642,0.642]},"t":17,"s":[100,100],"e":[30,30]},{"i":{"x":[0.428,0.428],"y":[0.337,0.337]},"o":{"x":[0.571,0.571],"y":[0,0]},"t":31,"s":[30,30],"e":[100,100]},{"t":45}],"ix":3},"r":{"a":0,"k":0,"ix":6},"o":{"a":0,"k":100,"ix":7},"sk":{"a":0,"k":0,"ix":4},"sa":{"a":0,"k":0,"ix":5},"nm":"Transform"}],"nm":"Group 2","np":3,"cix":2,"bm":0,"ix":1,"mn":"ADBE Vector Group","hd":false}],"ip":17,"op":45,"st":17,"bm":0},{"ddd":0,"ind":6,"ty":4,"nm":"Circle 6","sr":1,"ks":{"o":{"a":0,"k":100,"ix":11},"r":{"a":0,"k":0,"ix":10},"p":{"a":0,"k":[25,25,0],"ix":2},"a":{"a":0,"k":[25,25,0],"ix":1},"s":{"a":0,"k":[100,100,100],"ix":6}},"ao":0,"shapes":[{"ty":"gr","it":[{"ind":0,"ty":"sh","ix":1,"ks":{"a":0,"k":{"i":[[1.182,-1.183],[1.181,1.182],[-1.182,1.181],[-1.183,-1.182]],"o":[[-1.183,1.182],[-1.182,-1.183],[1.181,-1.182],[1.182,1.181]],"v":[[2.122,2.122],[-2.121,2.122],[-2.121,-2.121],[2.122,-2.121]],"c":true},"ix":2},"nm":"Path 1","mn":"ADBE Vector Shape - Group","hd":false},{"ind":1,"ty":"sh","ix":2,"ks":{"a":0,"k":{"i":[[1.947,-1.948],[-1.948,-1.948],[-1.948,1.947],[1.947,1.947]],"o":[[-1.948,1.947],[1.947,1.947],[1.947,-1.948],[-1.948,-1.948]],"v":[[-3.535,-3.535],[-3.535,3.536],[3.536,3.536],[3.536,-3.535]],"c":true},"ix":2},"nm":"Path 2","mn":"ADBE Vector Shape - Group","hd":false},{"ty":"fl","c":{"a":0,"k":[0,0,0,1],"ix":4},"o":{"a":0,"k":100,"ix":5},"r":1,"bm":0,"nm":"Fill 1","mn":"ADBE Vector Graphic - Fill","hd":false},{"ty":"tr","p":{"a":0,"k":[37.021,37.021],"ix":2},"a":{"a":0,"k":[0,0],"ix":1},"s":{"a":1,"k":[{"i":{"x":[0.429,0.429],"y":[1,1]},"o":{"x":[0.569,0.569],"y":[0.642,0.642]},"t":-11,"s":[100,100],"e":[30,30]},{"i":{"x":[0.428,0.428],"y":[0.337,0.337]},"o":{"x":[0.571,0.571],"y":[0,0]},"t":3,"s":[30,30],"e":[100,100]},{"t":17}],"ix":3},"r":{"a":0,"k":0,"ix":6},"o":{"a":0,"k":100,"ix":7},"sk":{"a":0,"k":0,"ix":4},"sa":{"a":0,"k":0,"ix":5},"nm":"Transform"}],"nm":"Group 2","np":3,"cix":2,"bm":0,"ix":1,"mn":"ADBE Vector Group","hd":false}],"ip":-11,"op":17,"st":-11,"bm":0},{"ddd":0,"ind":7,"ty":4,"nm":"Circle 5","sr":1,"ks":{"o":{"a":0,"k":100,"ix":11},"r":{"a":0,"k":0,"ix":10},"p":{"a":0,"k":[25,25,0],"ix":2},"a":{"a":0,"k":[25,25,0],"ix":1},"s":{"a":0,"k":[100,100,100],"ix":6}},"ao":0,"shapes":[{"ty":"gr","it":[{"ind":0,"ty":"sh","ix":1,"ks":{"a":0,"k":{"i":[[1.672,0],[0,1.672],[-1.671,0],[0,-1.672]],"o":[[-1.671,0],[0,-1.672],[1.672,0],[0,1.672]],"v":[[0,3],[-3,0],[0,-3],[3,0]],"c":true},"ix":2},"nm":"Path 1","mn":"ADBE Vector Shape - Group","hd":false},{"ind":1,"ty":"sh","ix":2,"ks":{"a":0,"k":{"i":[[2.755,0],[0,-2.755],[-2.754,0],[0,2.755]],"o":[[-2.754,0],[0,2.755],[2.755,0],[0,-2.755]],"v":[[0,-5],[-5,0],[0,5],[5,0]],"c":true},"ix":2},"nm":"Path 2","mn":"ADBE Vector Shape - Group","hd":false},{"ty":"fl","c":{"a":0,"k":[0,0,0,1],"ix":4},"o":{"a":0,"k":100,"ix":5},"r":1,"bm":0,"nm":"Fill 1","mn":"ADBE Vector Graphic - Fill","hd":false},{"ty":"tr","p":{"a":0,"k":[25,42],"ix":2},"a":{"a":0,"k":[0,0],"ix":1},"s":{"a":1,"k":[{"i":{"x":[0.429,0.429],"y":[1,1]},"o":{"x":[0.569,0.569],"y":[0.642,0.642]},"t":14,"s":[100,100],"e":[30,30]},{"i":{"x":[0.428,0.428],"y":[0.337,0.337]},"o":{"x":[0.571,0.571],"y":[0,0]},"t":28,"s":[30,30],"e":[100,100]},{"t":42}],"ix":3},"r":{"a":0,"k":0,"ix":6},"o":{"a":0,"k":100,"ix":7},"sk":{"a":0,"k":0,"ix":4},"sa":{"a":0,"k":0,"ix":5},"nm":"Transform"}],"nm":"Group 8","np":3,"cix":2,"bm":0,"ix":1,"mn":"ADBE Vector Group","hd":false}],"ip":14,"op":42,"st":14,"bm":0},{"ddd":0,"ind":8,"ty":4,"nm":"Circle 5","sr":1,"ks":{"o":{"a":0,"k":100,"ix":11},"r":{"a":0,"k":0,"ix":10},"p":{"a":0,"k":[25,25,0],"ix":2},"a":{"a":0,"k":[25,25,0],"ix":1},"s":{"a":0,"k":[100,100,100],"ix":6}},"ao":0,"shapes":[{"ty":"gr","it":[{"ind":0,"ty":"sh","ix":1,"ks":{"a":0,"k":{"i":[[1.672,0],[0,1.672],[-1.671,0],[0,-1.672]],"o":[[-1.671,0],[0,-1.672],[1.672,0],[0,1.672]],"v":[[0,3],[-3,0],[0,-3],[3,0]],"c":true},"ix":2},"nm":"Path 1","mn":"ADBE Vector Shape - Group","hd":false},{"ind":1,"ty":"sh","ix":2,"ks":{"a":0,"k":{"i":[[2.755,0],[0,-2.755],[-2.754,0],[0,2.755]],"o":[[-2.754,0],[0,2.755],[2.755,0],[0,-2.755]],"v":[[0,-5],[-5,0],[0,5],[5,0]],"c":true},"ix":2},"nm":"Path 2","mn":"ADBE Vector Shape - Group","hd":false},{"ty":"fl","c":{"a":0,"k":[0,0,0,1],"ix":4},"o":{"a":0,"k":100,"ix":5},"r":1,"bm":0,"nm":"Fill 1","mn":"ADBE Vector Graphic - Fill","hd":false},{"ty":"tr","p":{"a":0,"k":[25,42],"ix":2},"a":{"a":0,"k":[0,0],"ix":1},"s":{"a":1,"k":[{"i":{"x":[0.429,0.429],"y":[1,1]},"o":{"x":[0.569,0.569],"y":[0.642,0.642]},"t":-14,"s":[100,100],"e":[30,30]},{"i":{"x":[0.428,0.428],"y":[0.337,0.337]},"o":{"x":[0.571,0.571],"y":[0,0]},"t":0,"s":[30,30],"e":[100,100]},{"t":14}],"ix":3},"r":{"a":0,"k":0,"ix":6},"o":{"a":0,"k":100,"ix":7},"sk":{"a":0,"k":0,"ix":4},"sa":{"a":0,"k":0,"ix":5},"nm":"Transform"}],"nm":"Group 8","np":3,"cix":2,"bm":0,"ix":1,"mn":"ADBE Vector Group","hd":false}],"ip":-14,"op":14,"st":-14,"bm":0},{"ddd":0,"ind":9,"ty":4,"nm":"Circle 4","sr":1,"ks":{"o":{"a":0,"k":100,"ix":11},"r":{"a":0,"k":0,"ix":10},"p":{"a":0,"k":[25,25,0],"ix":2},"a":{"a":0,"k":[25,25,0],"ix":1},"s":{"a":0,"k":[100,100,100],"ix":6}},"ao":0,"shapes":[{"ty":"gr","it":[{"ind":0,"ty":"sh","ix":1,"ks":{"a":0,"k":{"i":[[1.182,1.182],[-1.182,1.181],[-1.182,-1.182],[1.181,-1.183]],"o":[[-1.182,-1.183],[1.182,-1.182],[1.181,1.181],[-1.182,1.182]],"v":[[-2.121,2.122],[-2.121,-2.121],[2.122,-2.121],[2.122,2.122]],"c":true},"ix":2},"nm":"Path 1","mn":"ADBE Vector Shape - Group","hd":false},{"ind":1,"ty":"sh","ix":2,"ks":{"a":0,"k":{"i":[[1.947,1.947],[1.948,-1.948],[-1.948,-1.948],[-1.948,1.947]],"o":[[-1.948,-1.948],[-1.948,1.947],[1.948,1.947],[1.947,-1.948]],"v":[[3.536,-3.535],[-3.535,-3.535],[-3.535,3.536],[3.536,3.536]],"c":true},"ix":2},"nm":"Path 2","mn":"ADBE Vector Shape - Group","hd":false},{"ty":"fl","c":{"a":0,"k":[0,0,0,1],"ix":4},"o":{"a":0,"k":100,"ix":5},"r":1,"bm":0,"nm":"Fill 1","mn":"ADBE Vector Graphic - Fill","hd":false},{"ty":"tr","p":{"a":0,"k":[12.979,37.021],"ix":2},"a":{"a":0,"k":[0,0],"ix":1},"s":{"a":1,"k":[{"i":{"x":[0.429,0.429],"y":[1,1]},"o":{"x":[0.569,0.569],"y":[0.642,0.642]},"t":10,"s":[100,100],"e":[30,30]},{"i":{"x":[0.428,0.428],"y":[0.337,0.337]},"o":{"x":[0.571,0.571],"y":[0,0]},"t":24,"s":[30,30],"e":[100,100]},{"t":38}],"ix":3},"r":{"a":0,"k":0,"ix":6},"o":{"a":0,"k":100,"ix":7},"sk":{"a":0,"k":0,"ix":4},"sa":{"a":0,"k":0,"ix":5},"nm":"Transform"}],"nm":"Group 4","np":3,"cix":2,"bm":0,"ix":1,"mn":"ADBE Vector Group","hd":false}],"ip":10,"op":38,"st":10,"bm":0},{"ddd":0,"ind":10,"ty":4,"nm":"Circle 4","sr":1,"ks":{"o":{"a":0,"k":100,"ix":11},"r":{"a":0,"k":0,"ix":10},"p":{"a":0,"k":[25,25,0],"ix":2},"a":{"a":0,"k":[25,25,0],"ix":1},"s":{"a":0,"k":[100,100,100],"ix":6}},"ao":0,"shapes":[{"ty":"gr","it":[{"ind":0,"ty":"sh","ix":1,"ks":{"a":0,"k":{"i":[[1.182,1.182],[-1.182,1.181],[-1.182,-1.182],[1.181,-1.183]],"o":[[-1.182,-1.183],[1.182,-1.182],[1.181,1.181],[-1.182,1.182]],"v":[[-2.121,2.122],[-2.121,-2.121],[2.122,-2.121],[2.122,2.122]],"c":true},"ix":2},"nm":"Path 1","mn":"ADBE Vector Shape - Group","hd":false},{"ind":1,"ty":"sh","ix":2,"ks":{"a":0,"k":{"i":[[1.947,1.947],[1.948,-1.948],[-1.948,-1.948],[-1.948,1.947]],"o":[[-1.948,-1.948],[-1.948,1.947],[1.948,1.947],[1.947,-1.948]],"v":[[3.536,-3.535],[-3.535,-3.535],[-3.535,3.536],[3.536,3.536]],"c":true},"ix":2},"nm":"Path 2","mn":"ADBE Vector Shape - Group","hd":false},{"ty":"fl","c":{"a":0,"k":[0,0,0,1],"ix":4},"o":{"a":0,"k":100,"ix":5},"r":1,"bm":0,"nm":"Fill 1","mn":"ADBE Vector Graphic - Fill","hd":false},{"ty":"tr","p":{"a":0,"k":[12.979,37.021],"ix":2},"a":{"a":0,"k":[0,0],"ix":1},"s":{"a":1,"k":[{"i":{"x":[0.429,0.429],"y":[1,1]},"o":{"x":[0.569,0.569],"y":[0.642,0.642]},"t":-18,"s":[100,100],"e":[30,30]},{"i":{"x":[0.428,0.428],"y":[0.337,0.337]},"o":{"x":[0.571,0.571],"y":[0,0]},"t":-4,"s":[30,30],"e":[100,100]},{"t":10}],"ix":3},"r":{"a":0,"k":0,"ix":6},"o":{"a":0,"k":100,"ix":7},"sk":{"a":0,"k":0,"ix":4},"sa":{"a":0,"k":0,"ix":5},"nm":"Transform"}],"nm":"Group 4","np":3,"cix":2,"bm":0,"ix":1,"mn":"ADBE Vector Group","hd":false}],"ip":-18,"op":10,"st":-18,"bm":0},{"ddd":0,"ind":11,"ty":4,"nm":"Circle 3","sr":1,"ks":{"o":{"a":0,"k":100,"ix":11},"r":{"a":0,"k":0,"ix":10},"p":{"a":0,"k":[25,25,0],"ix":2},"a":{"a":0,"k":[25,25,0],"ix":1},"s":{"a":0,"k":[100,100,100],"ix":6}},"ao":0,"shapes":[{"ty":"gr","it":[{"ind":0,"ty":"sh","ix":1,"ks":{"a":0,"k":{"i":[[0,-1.671],[1.671,0],[0,1.672],[-1.671,0]],"o":[[0,1.672],[-1.671,0],[0,-1.671],[1.671,0]],"v":[[3,0],[0,3],[-3,0],[0,-3]],"c":true},"ix":2},"nm":"Path 1","mn":"ADBE Vector Shape - Group","hd":false},{"ind":1,"ty":"sh","ix":2,"ks":{"a":0,"k":{"i":[[0,-2.754],[-2.754,0],[0,2.755],[2.754,0]],"o":[[0,2.755],[2.754,0],[0,-2.754],[-2.754,0]],"v":[[-5,0],[0,5],[5,0],[0,-5]],"c":true},"ix":2},"nm":"Path 2","mn":"ADBE Vector Shape - Group","hd":false},{"ty":"fl","c":{"a":0,"k":[0,0,0,1],"ix":4},"o":{"a":0,"k":100,"ix":5},"r":1,"bm":0,"nm":"Fill 1","mn":"ADBE Vector Graphic - Fill","hd":false},{"ty":"tr","p":{"a":0,"k":[8,25],"ix":2},"a":{"a":0,"k":[0,0],"ix":1},"s":{"a":1,"k":[{"i":{"x":[0.429,0.429],"y":[1,1]},"o":{"x":[0.569,0.569],"y":[0.642,0.642]},"t":7,"s":[100,100],"e":[30,30]},{"i":{"x":[0.428,0.428],"y":[0.337,0.337]},"o":{"x":[0.571,0.571],"y":[0,0]},"t":21,"s":[30,30],"e":[100,100]},{"t":35}],"ix":3},"r":{"a":0,"k":0,"ix":6},"o":{"a":0,"k":100,"ix":7},"sk":{"a":0,"k":0,"ix":4},"sa":{"a":0,"k":0,"ix":5},"nm":"Transform"}],"nm":"Group 5","np":3,"cix":2,"bm":0,"ix":1,"mn":"ADBE Vector Group","hd":false}],"ip":7,"op":35,"st":7,"bm":0},{"ddd":0,"ind":12,"ty":4,"nm":"Circle 3","sr":1,"ks":{"o":{"a":0,"k":100,"ix":11},"r":{"a":0,"k":0,"ix":10},"p":{"a":0,"k":[25,25,0],"ix":2},"a":{"a":0,"k":[25,25,0],"ix":1},"s":{"a":0,"k":[100,100,100],"ix":6}},"ao":0,"shapes":[{"ty":"gr","it":[{"ind":0,"ty":"sh","ix":1,"ks":{"a":0,"k":{"i":[[0,-1.671],[1.671,0],[0,1.672],[-1.671,0]],"o":[[0,1.672],[-1.671,0],[0,-1.671],[1.671,0]],"v":[[3,0],[0,3],[-3,0],[0,-3]],"c":true},"ix":2},"nm":"Path 1","mn":"ADBE Vector Shape - Group","hd":false},{"ind":1,"ty":"sh","ix":2,"ks":{"a":0,"k":{"i":[[0,-2.754],[-2.754,0],[0,2.755],[2.754,0]],"o":[[0,2.755],[2.754,0],[0,-2.754],[-2.754,0]],"v":[[-5,0],[0,5],[5,0],[0,-5]],"c":true},"ix":2},"nm":"Path 2","mn":"ADBE Vector Shape - Group","hd":false},{"ty":"fl","c":{"a":0,"k":[0,0,0,1],"ix":4},"o":{"a":0,"k":100,"ix":5},"r":1,"bm":0,"nm":"Fill 1","mn":"ADBE Vector Graphic - Fill","hd":false},{"ty":"tr","p":{"a":0,"k":[8,25],"ix":2},"a":{"a":0,"k":[0,0],"ix":1},"s":{"a":1,"k":[{"i":{"x":[0.429,0.429],"y":[1,1]},"o":{"x":[0.569,0.569],"y":[0.642,0.642]},"t":-21,"s":[100,100],"e":[30,30]},{"i":{"x":[0.428,0.428],"y":[0.337,0.337]},"o":{"x":[0.571,0.571],"y":[0,0]},"t":-7,"s":[30,30],"e":[100,100]},{"t":7}],"ix":3},"r":{"a":0,"k":0,"ix":6},"o":{"a":0,"k":100,"ix":7},"sk":{"a":0,"k":0,"ix":4},"sa":{"a":0,"k":0,"ix":5},"nm":"Transform"}],"nm":"Group 5","np":3,"cix":2,"bm":0,"ix":1,"mn":"ADBE Vector Group","hd":false}],"ip":-21,"op":7,"st":-21,"bm":0},{"ddd":0,"ind":13,"ty":4,"nm":"Circle 2","sr":1,"ks":{"o":{"a":0,"k":100,"ix":11},"r":{"a":0,"k":0,"ix":10},"p":{"a":0,"k":[25,25,0],"ix":2},"a":{"a":0,"k":[25,25,0],"ix":1},"s":{"a":0,"k":[100,100,100],"ix":6}},"ao":0,"shapes":[{"ty":"gr","it":[{"ind":0,"ty":"sh","ix":1,"ks":{"a":0,"k":{"i":[[1.182,-1.182],[1.182,1.182],[-1.182,1.182],[-1.182,-1.182]],"o":[[-1.182,1.182],[-1.182,-1.182],[1.182,-1.182],[1.182,1.182]],"v":[[2.121,2.121],[-2.122,2.121],[-2.122,-2.122],[2.121,-2.122]],"c":true},"ix":2},"nm":"Path 1","mn":"ADBE Vector Shape - Group","hd":false},{"ind":1,"ty":"sh","ix":2,"ks":{"a":0,"k":{"i":[[1.948,-1.947],[-1.947,-1.948],[-1.948,1.948],[1.948,1.948]],"o":[[-1.947,1.948],[1.948,1.948],[1.948,-1.948],[-1.948,-1.947]],"v":[[-3.536,-3.536],[-3.536,3.535],[3.535,3.535],[3.535,-3.536]],"c":true},"ix":2},"nm":"Path 2","mn":"ADBE Vector Shape - Group","hd":false},{"ty":"fl","c":{"a":0,"k":[0,0,0,1],"ix":4},"o":{"a":0,"k":100,"ix":5},"r":1,"bm":0,"nm":"Fill 1","mn":"ADBE Vector Graphic - Fill","hd":false},{"ty":"tr","p":{"a":0,"k":[12.98,12.98],"ix":2},"a":{"a":0,"k":[0,0],"ix":1},"s":{"a":1,"k":[{"i":{"x":[0.429,0.429],"y":[1,1]},"o":{"x":[0.569,0.569],"y":[0.642,0.642]},"t":3,"s":[100,100],"e":[30,30]},{"i":{"x":[0.428,0.428],"y":[0.337,0.337]},"o":{"x":[0.571,0.571],"y":[0,0]},"t":17,"s":[30,30],"e":[100,100]},{"t":31}],"ix":3},"r":{"a":0,"k":0,"ix":6},"o":{"a":0,"k":100,"ix":7},"sk":{"a":0,"k":0,"ix":4},"sa":{"a":0,"k":0,"ix":5},"nm":"Transform"}],"nm":"Group 1","np":3,"cix":2,"bm":0,"ix":1,"mn":"ADBE Vector Group","hd":false}],"ip":3,"op":31,"st":3,"bm":0},{"ddd":0,"ind":14,"ty":4,"nm":"Circle 2","sr":1,"ks":{"o":{"a":0,"k":100,"ix":11},"r":{"a":0,"k":0,"ix":10},"p":{"a":0,"k":[25,25,0],"ix":2},"a":{"a":0,"k":[25,25,0],"ix":1},"s":{"a":0,"k":[100,100,100],"ix":6}},"ao":0,"shapes":[{"ty":"gr","it":[{"ind":0,"ty":"sh","ix":1,"ks":{"a":0,"k":{"i":[[1.182,-1.182],[1.182,1.182],[-1.182,1.182],[-1.182,-1.182]],"o":[[-1.182,1.182],[-1.182,-1.182],[1.182,-1.182],[1.182,1.182]],"v":[[2.121,2.121],[-2.122,2.121],[-2.122,-2.122],[2.121,-2.122]],"c":true},"ix":2},"nm":"Path 1","mn":"ADBE Vector Shape - Group","hd":false},{"ind":1,"ty":"sh","ix":2,"ks":{"a":0,"k":{"i":[[1.948,-1.947],[-1.947,-1.948],[-1.948,1.948],[1.948,1.948]],"o":[[-1.947,1.948],[1.948,1.948],[1.948,-1.948],[-1.948,-1.947]],"v":[[-3.536,-3.536],[-3.536,3.535],[3.535,3.535],[3.535,-3.536]],"c":true},"ix":2},"nm":"Path 2","mn":"ADBE Vector Shape - Group","hd":false},{"ty":"fl","c":{"a":0,"k":[0,0,0,1],"ix":4},"o":{"a":0,"k":100,"ix":5},"r":1,"bm":0,"nm":"Fill 1","mn":"ADBE Vector Graphic - Fill","hd":false},{"ty":"tr","p":{"a":0,"k":[12.98,12.98],"ix":2},"a":{"a":0,"k":[0,0],"ix":1},"s":{"a":1,"k":[{"i":{"x":[0.429,0.429],"y":[1,1]},"o":{"x":[0.569,0.569],"y":[0.642,0.642]},"t":-25,"s":[100,100],"e":[30,30]},{"i":{"x":[0.428,0.428],"y":[0.337,0.337]},"o":{"x":[0.571,0.571],"y":[0,0]},"t":-11,"s":[30,30],"e":[100,100]},{"t":3}],"ix":3},"r":{"a":0,"k":0,"ix":6},"o":{"a":0,"k":100,"ix":7},"sk":{"a":0,"k":0,"ix":4},"sa":{"a":0,"k":0,"ix":5},"nm":"Transform"}],"nm":"Group 1","np":3,"cix":2,"bm":0,"ix":1,"mn":"ADBE Vector Group","hd":false}],"ip":-25,"op":3,"st":-25,"bm":0},{"ddd":0,"ind":15,"ty":4,"nm":"Circle 1","sr":1,"ks":{"o":{"a":0,"k":100,"ix":11},"r":{"a":0,"k":0,"ix":10},"p":{"a":0,"k":[25,25,0],"ix":2},"a":{"a":0,"k":[25,25,0],"ix":1},"s":{"a":0,"k":[100,100,100],"ix":6}},"ao":0,"shapes":[{"ty":"gr","it":[{"ind":0,"ty":"sh","ix":1,"ks":{"a":0,"k":{"i":[[1.672,0],[0,1.671],[-1.671,0],[0,-1.671]],"o":[[-1.671,0],[0,-1.671],[1.672,0],[0,1.671]],"v":[[0,3],[-3,0],[0,-3],[3,0]],"c":true},"ix":2},"nm":"Path 1","mn":"ADBE Vector Shape - Group","hd":false},{"ind":1,"ty":"sh","ix":2,"ks":{"a":0,"k":{"i":[[2.755,0],[0,-2.754],[-2.754,0],[0,2.754]],"o":[[-2.754,0],[0,2.754],[2.755,0],[0,-2.754]],"v":[[0,-5],[-5,0],[0,5],[5,0]],"c":true},"ix":2},"nm":"Path 2","mn":"ADBE Vector Shape - Group","hd":false},{"ty":"fl","c":{"a":0,"k":[0,0,0,1],"ix":4},"o":{"a":0,"k":100,"ix":5},"r":1,"bm":0,"nm":"Fill 1","mn":"ADBE Vector Graphic - Fill","hd":false},{"ty":"tr","p":{"a":0,"k":[25,8],"ix":2},"a":{"a":0,"k":[0,0],"ix":1},"s":{"a":1,"k":[{"i":{"x":[0.429,0.429],"y":[1,1]},"o":{"x":[0.569,0.569],"y":[0.642,0.642]},"t":0,"s":[100,100],"e":[30,30]},{"i":{"x":[0.428,0.428],"y":[0.337,0.337]},"o":{"x":[0.571,0.571],"y":[0,0]},"t":14,"s":[30,30],"e":[100,100]},{"t":28}],"ix":3},"r":{"a":0,"k":0,"ix":6},"o":{"a":0,"k":100,"ix":7},"sk":{"a":0,"k":0,"ix":4},"sa":{"a":0,"k":0,"ix":5},"nm":"Transform"}],"nm":"Group 7","np":3,"cix":2,"bm":0,"ix":1,"mn":"ADBE Vector Group","hd":false}],"ip":0,"op":28,"st":0,"bm":0},{"ddd":0,"ind":16,"ty":4,"nm":"Shape Layer 1","sr":1,"ks":{"o":{"a":0,"k":100,"ix":11},"r":{"a":0,"k":0,"ix":10},"p":{"a":0,"k":[25,25,0],"ix":2},"a":{"a":0,"k":[0,0,0],"ix":1},"s":{"a":0,"k":[100,100,100],"ix":6}},"ao":0,"shapes":[{"ty":"gr","it":[{"ty":"rc","d":1,"s":{"a":0,"k":[65.5,64],"ix":2},"p":{"a":0,"k":[0,0],"ix":3},"r":{"a":0,"k":0,"ix":4},"nm":"Rectangle Path 1","mn":"ADBE Vector Shape - Rect","hd":false},{"ty":"st","c":{"a":0,"k":[1,1,1,1],"ix":3},"o":{"a":0,"k":100,"ix":4},"w":{"a":0,"k":0,"ix":5},"lc":1,"lj":1,"ml":4,"bm":0,"nm":"Stroke 1","mn":"ADBE Vector Graphic - Stroke","hd":false},{"ty":"fl","c":{"a":0,"k":[1,1,1,1],"ix":4},"o":{"a":0,"k":100,"ix":5},"r":1,"bm":0,"nm":"Fill 1","mn":"ADBE Vector Graphic - Fill","hd":false},{"ty":"tr","p":{"a":0,"k":[0.75,0.5],"ix":2},"a":{"a":0,"k":[0,0],"ix":1},"s":{"a":0,"k":[100,100],"ix":3},"r":{"a":0,"k":0,"ix":6},"o":{"a":0,"k":100,"ix":7},"sk":{"a":0,"k":0,"ix":4},"sa":{"a":0,"k":0,"ix":5},"nm":"Transform"}],"nm":"Rectangle 1","np":3,"cix":2,"bm":0,"ix":1,"mn":"ADBE Vector Group","hd":false}],"ip":0,"op":28,"st":0,"bm":0}],"markers":[]}