{"v":"5.4.4","fr":24,"ip":0,"op":28,"w":50,"h":50,"nm":"flag","ddd":0,"assets":[],"layers":[{"ddd":0,"ind":1,"ty":4,"nm":"Flag","sr":1,"ks":{"o":{"a":0,"k":100,"ix":11},"r":{"a":0,"k":0,"ix":10},"p":{"a":0,"k":[25,25,0],"ix":2},"a":{"a":0,"k":[25,25,0],"ix":1},"s":{"a":0,"k":[100,100,100],"ix":6}},"ao":0,"shapes":[{"ty":"gr","it":[{"ind":0,"ty":"sh","ix":1,"ks":{"a":0,"k":{"i":[[0,0],[0,0]],"o":[[0,0],[0,0]],"v":[[1,3],[1,49]],"c":false},"ix":2},"nm":"Path 1","mn":"ADBE Vector Shape - Group","hd":false},{"ty":"st","c":{"a":0,"k":[0,0,0,1],"ix":3},"o":{"a":0,"k":100,"ix":4},"w":{"a":0,"k":2,"ix":5},"lc":2,"lj":2,"bm":0,"nm":"Stroke 1","mn":"ADBE Vector Graphic - Stroke","hd":false},{"ty":"tr","p":{"a":0,"k":[0,0],"ix":2},"a":{"a":0,"k":[0,0],"ix":1},"s":{"a":0,"k":[100,100],"ix":3},"r":{"a":0,"k":0,"ix":6},"o":{"a":0,"k":100,"ix":7},"sk":{"a":0,"k":0,"ix":4},"sa":{"a":0,"k":0,"ix":5},"nm":"Transform"}],"nm":"Group 1","np":2,"cix":2,"bm":0,"ix":1,"mn":"ADBE Vector Group","hd":false},{"ty":"gr","it":[{"ind":0,"ty":"sh","ix":1,"ks":{"a":1,"k":[{"i":{"x":0.833,"y":0.833},"o":{"x":0.167,"y":0.167},"t":0,"s":[{"i":[[-0.87,0.471],[0,0],[6.727,0],[8.131,0],[0,0],[0,0],[-9.915,0],[-9.953,0]],"o":[[0,0],[0,0],[-11.929,0],[-8.131,0],[0,0],[0,0],[9.915,0],[6.281,0]],"v":[[24,-12.5],[24,12.5],[12,15.5],[-12,11.5],[-24,13.5],[-24,-13.5],[-12,-15.5],[12,-9.5]],"c":true}],"e":[{"i":[[-1.625,-0.125],[0,0],[6.538,-1.585],[7.625,2.037],[0,0],[0,0],[-8.875,-2.852],[-8.743,4.756]],"o":[[0,0],[0,0],[-12.5,3.031],[-7.855,-2.099],[0,0],[0,0],[8.296,2.666],[6.438,-3.502]],"v":[[24,-15],[24,10],[12,13.469],[-12,13.463],[-24,13.5],[-24,-13.5],[-12,-12.523],[12,-12.498]],"c":true}]},{"i":{"x":0.833,"y":0.833},"o":{"x":0.167,"y":0.167},"t":7,"s":[{"i":[[-1.625,-0.125],[0,0],[6.538,-1.585],[7.625,2.037],[0,0],[0,0],[-8.875,-2.852],[-8.743,4.756]],"o":[[0,0],[0,0],[-12.5,3.031],[-7.855,-2.099],[0,0],[0,0],[8.296,2.666],[6.438,-3.502]],"v":[[24,-15],[24,10],[12,13.469],[-12,13.463],[-24,13.5],[-24,-13.5],[-12,-12.523],[12,-12.498]],"c":true}],"e":[{"i":[[-0.87,0.471],[0,0],[6.727,0],[8.131,0],[0,0],[0,0],[-9.915,0],[-9.953,0]],"o":[[0,0],[0,0],[-11.929,0],[-8.131,0],[0,0],[0,0],[9.915,0],[6.281,0]],"v":[[24,-12.5],[24,12.5],[12,11.438],[-12,15.426],[-24,13.5],[-24,-13.5],[-12,-9.547],[12,-15.496]],"c":true}]},{"i":{"x":0.833,"y":0.833},"o":{"x":0.167,"y":0.167},"t":14,"s":[{"i":[[-0.87,0.471],[0,0],[6.727,0],[8.131,0],[0,0],[0,0],[-9.915,0],[-9.953,0]],"o":[[0,0],[0,0],[-11.929,0],[-8.131,0],[0,0],[0,0],[9.915,0],[6.281,0]],"v":[[24,-12.5],[24,12.5],[12,11.438],[-12,15.426],[-24,13.5],[-24,-13.5],[-12,-9.547],[12,-15.496]],"c":true}],"e":[{"i":[[-0.87,0.471],[0,0],[7.625,2.25],[8.075,-1.744],[0,0],[0,0],[-4.75,1.752],[-9.259,-3.651]],"o":[[0,0],[0,0],[-11.441,-3.376],[-5.5,1.188],[0,0],[0,0],[11.312,-4.173],[5.75,2.267]],"v":[[24,-9.563],[24,15.438],[12,13.625],[-12,13.312],[-24,13.5],[-24,-13.5],[-12,-12.752],[12,-12.267]],"c":true}]},{"i":{"x":0.833,"y":0.833},"o":{"x":0.167,"y":0.167},"t":21,"s":[{"i":[[-0.87,0.471],[0,0],[7.625,2.25],[8.075,-1.744],[0,0],[0,0],[-4.75,1.752],[-9.259,-3.651]],"o":[[0,0],[0,0],[-11.441,-3.376],[-5.5,1.188],[0,0],[0,0],[11.312,-4.173],[5.75,2.267]],"v":[[24,-9.563],[24,15.438],[12,13.625],[-12,13.312],[-24,13.5],[-24,-13.5],[-12,-12.752],[12,-12.267]],"c":true}],"e":[{"i":[[-0.87,0.471],[0,0],[6.727,0],[8.131,0],[0,0],[0,0],[-9.915,0],[-9.953,0]],"o":[[0,0],[0,0],[-11.929,0],[-8.131,0],[0,0],[0,0],[9.915,0],[6.281,0]],"v":[[24,-12.5],[24,12.5],[12,15.5],[-12,11.5],[-24,13.5],[-24,-13.5],[-12,-15.5],[12,-9.5]],"c":true}]},{"t":28}],"ix":2},"nm":"Path 1","mn":"ADBE Vector Shape - Group","hd":false},{"ty":"st","c":{"a":0,"k":[0,0,0,1],"ix":3},"o":{"a":0,"k":100,"ix":4},"w":{"a":0,"k":2,"ix":5},"lc":2,"lj":2,"bm":0,"nm":"Stroke 1","mn":"ADBE Vector Graphic - Stroke","hd":false},{"ty":"tr","p":{"a":0,"k":[25,16.5],"ix":2},"a":{"a":0,"k":[0,0],"ix":1},"s":{"a":0,"k":[100,100],"ix":3},"r":{"a":0,"k":0,"ix":6},"o":{"a":0,"k":100,"ix":7},"sk":{"a":0,"k":0,"ix":4},"sa":{"a":0,"k":0,"ix":5},"nm":"Transform"}],"nm":"Group 2","np":2,"cix":2,"bm":0,"ix":2,"mn":"ADBE Vector Group","hd":false}],"ip":0,"op":28,"st":0,"bm":0}],"markers":[]}