{"v":"5.4.4","fr":24,"ip":0,"op":28,"w":50,"h":50,"nm":"embarrassed","ddd":0,"assets":[],"layers":[{"ddd":0,"ind":1,"ty":4,"nm":"Pupils","sr":1,"ks":{"o":{"a":0,"k":100,"ix":11},"r":{"a":0,"k":0,"ix":10},"p":{"a":0,"k":[25,25,0],"ix":2},"a":{"a":0,"k":[25,25,0],"ix":1},"s":{"a":0,"k":[100,100,100],"ix":6}},"ao":0,"shapes":[{"ty":"gr","it":[{"ind":0,"ty":"sh","ix":1,"ks":{"a":1,"k":[{"i":{"x":0.667,"y":1},"o":{"x":0.333,"y":0},"t":4,"s":[{"i":[[1.104,0],[0,-1.104],[-1.104,0],[0,1.104]],"o":[[-1.104,0],[0,1.104],[1.104,0],[0,-1.104]],"v":[[0,-2],[-2,0],[0,2],[2,0]],"c":true}],"e":[{"i":[[0.552,0],[0,-0.552],[-0.552,0],[0,0.552]],"o":[[-0.552,0],[0,0.552],[0.552,0],[0,-0.552]],"v":[[0,-1],[-1,0],[0,1],[1,0]],"c":true}]},{"i":{"x":0.833,"y":0.833},"o":{"x":0.167,"y":0.167},"t":9,"s":[{"i":[[0.552,0],[0,-0.552],[-0.552,0],[0,0.552]],"o":[[-0.552,0],[0,0.552],[0.552,0],[0,-0.552]],"v":[[0,-1],[-1,0],[0,1],[1,0]],"c":true}],"e":[{"i":[[0.552,0],[0,-0.552],[-0.552,0],[0,0.552]],"o":[[-0.552,0],[0,0.552],[0.552,0],[0,-0.552]],"v":[[0,-1],[-1,0],[0,1],[1,0]],"c":true}]},{"i":{"x":0.667,"y":1},"o":{"x":0.333,"y":0},"t":14,"s":[{"i":[[0.552,0],[0,-0.552],[-0.552,0],[0,0.552]],"o":[[-0.552,0],[0,0.552],[0.552,0],[0,-0.552]],"v":[[0,-1],[-1,0],[0,1],[1,0]],"c":true}],"e":[{"i":[[1.104,0],[0,-1.104],[-1.104,0],[0,1.104]],"o":[[-1.104,0],[0,1.104],[1.104,0],[0,-1.104]],"v":[[0,-2],[-2,0],[0,2],[2,0]],"c":true}]},{"t":18}],"ix":2},"nm":"Path 1","mn":"ADBE Vector Shape - Group","hd":false},{"ty":"fl","c":{"a":0,"k":[0,0,0,1],"ix":4},"o":{"a":0,"k":100,"ix":5},"r":1,"bm":0,"nm":"Fill 1","mn":"ADBE Vector Graphic - Fill","hd":false},{"ty":"tr","p":{"a":0,"k":[16,24],"ix":2},"a":{"a":0,"k":[0,0],"ix":1},"s":{"a":0,"k":[100,100],"ix":3},"r":{"a":0,"k":0,"ix":6},"o":{"a":0,"k":100,"ix":7},"sk":{"a":0,"k":0,"ix":4},"sa":{"a":0,"k":0,"ix":5},"nm":"Transform"}],"nm":"Group 7","np":2,"cix":2,"bm":0,"ix":1,"mn":"ADBE Vector Group","hd":false},{"ty":"gr","it":[{"ind":0,"ty":"sh","ix":1,"ks":{"a":1,"k":[{"i":{"x":0.667,"y":1},"o":{"x":0.333,"y":0},"t":4,"s":[{"i":[[1.104,0],[0,-1.104],[-1.104,0],[0,1.104]],"o":[[-1.104,0],[0,1.104],[1.104,0],[0,-1.104]],"v":[[0,-2],[-2,0],[0,2],[2,0]],"c":true}],"e":[{"i":[[0.553,0],[0,-0.552],[-0.553,0],[0,0.552]],"o":[[-0.553,0],[0,0.552],[0.553,0],[0,-0.552]],"v":[[0,-1],[-1,0],[0,1],[1,0]],"c":true}]},{"i":{"x":0.833,"y":0.833},"o":{"x":0.167,"y":0.167},"t":9,"s":[{"i":[[0.553,0],[0,-0.552],[-0.553,0],[0,0.552]],"o":[[-0.553,0],[0,0.552],[0.553,0],[0,-0.552]],"v":[[0,-1],[-1,0],[0,1],[1,0]],"c":true}],"e":[{"i":[[0.553,0],[0,-0.552],[-0.553,0],[0,0.552]],"o":[[-0.553,0],[0,0.552],[0.553,0],[0,-0.552]],"v":[[0,-1],[-1,0],[0,1],[1,0]],"c":true}]},{"i":{"x":0.667,"y":1},"o":{"x":0.333,"y":0},"t":14,"s":[{"i":[[0.553,0],[0,-0.552],[-0.553,0],[0,0.552]],"o":[[-0.553,0],[0,0.552],[0.553,0],[0,-0.552]],"v":[[0,-1],[-1,0],[0,1],[1,0]],"c":true}],"e":[{"i":[[1.104,0],[0,-1.104],[-1.104,0],[0,1.104]],"o":[[-1.104,0],[0,1.104],[1.104,0],[0,-1.104]],"v":[[0,-2],[-2,0],[0,2],[2,0]],"c":true}]},{"t":18}],"ix":2},"nm":"Path 1","mn":"ADBE Vector Shape - Group","hd":false},{"ty":"fl","c":{"a":0,"k":[0,0,0,1],"ix":4},"o":{"a":0,"k":100,"ix":5},"r":1,"bm":0,"nm":"Fill 1","mn":"ADBE Vector Graphic - Fill","hd":false},{"ty":"tr","p":{"a":0,"k":[34,24],"ix":2},"a":{"a":0,"k":[0,0],"ix":1},"s":{"a":0,"k":[100,100],"ix":3},"r":{"a":0,"k":0,"ix":6},"o":{"a":0,"k":100,"ix":7},"sk":{"a":0,"k":0,"ix":4},"sa":{"a":0,"k":0,"ix":5},"nm":"Transform"}],"nm":"Group 6","np":2,"cix":2,"bm":0,"ix":2,"mn":"ADBE Vector Group","hd":false}],"ip":0,"op":28,"st":0,"bm":0},{"ddd":0,"ind":2,"ty":4,"nm":"Eyes","sr":1,"ks":{"o":{"a":0,"k":100,"ix":11},"r":{"a":0,"k":0,"ix":10},"p":{"a":0,"k":[25,25,0],"ix":2},"a":{"a":0,"k":[25,25,0],"ix":1},"s":{"a":0,"k":[100,100,100],"ix":6}},"ao":0,"shapes":[{"ty":"gr","it":[{"ind":0,"ty":"sh","ix":1,"ks":{"a":1,"k":[{"i":{"x":0.833,"y":0.833},"o":{"x":0.333,"y":0},"t":4,"s":[{"i":[[3.313,0],[0,-3.313],[-3.313,0],[0,3.313]],"o":[[-3.313,0],[0,3.313],[3.313,0],[0,-3.313]],"v":[[0,-6],[-6,0],[0,6],[6,0]],"c":true}],"e":[{"i":[[3.313,0],[0.031,-0.875],[-3.313,0],[0,0.844]],"o":[[-3.313,0],[0.063,0.906],[3.313,0],[-0.031,-0.906]],"v":[[0,-0.875],[-6,0],[0,0.938],[6,0]],"c":true}]},{"i":{"x":0.667,"y":1},"o":{"x":0.167,"y":0.167},"t":7,"s":[{"i":[[3.313,0],[0.031,-0.875],[-3.313,0],[0,0.844]],"o":[[-3.313,0],[0.063,0.906],[3.313,0],[-0.031,-0.906]],"v":[[0,-0.875],[-6,0],[0,0.938],[6,0]],"c":true}],"e":[{"i":[[2.209,0],[0,-2.209],[-2.209,0],[0,2.209]],"o":[[-2.209,0],[0,2.209],[2.209,0],[0,-2.209]],"v":[[0,-4],[-4,0],[0,4],[4,0]],"c":true}]},{"i":{"x":0.833,"y":0.833},"o":{"x":0.167,"y":0.167},"t":9,"s":[{"i":[[2.209,0],[0,-2.209],[-2.209,0],[0,2.209]],"o":[[-2.209,0],[0,2.209],[2.209,0],[0,-2.209]],"v":[[0,-4],[-4,0],[0,4],[4,0]],"c":true}],"e":[{"i":[[2.209,0],[0,-2.209],[-2.209,0],[0,2.209]],"o":[[-2.209,0],[0,2.209],[2.209,0],[0,-2.209]],"v":[[0,-4],[-4,0],[0,4],[4,0]],"c":true}]},{"i":{"x":0.833,"y":0.833},"o":{"x":0.333,"y":0},"t":14,"s":[{"i":[[2.209,0],[0,-2.209],[-2.209,0],[0,2.209]],"o":[[-2.209,0],[0,2.209],[2.209,0],[0,-2.209]],"v":[[0,-4],[-4,0],[0,4],[4,0]],"c":true}],"e":[{"i":[[3.313,0],[0,-3.313],[-3.313,0],[0,3.313]],"o":[[-3.313,0],[0,3.313],[3.313,0],[0,-3.313]],"v":[[0,-6],[-6,0],[0,6],[6,0]],"c":true}]},{"i":{"x":0.833,"y":0.833},"o":{"x":0.333,"y":0},"t":18,"s":[{"i":[[3.313,0],[0,-3.313],[-3.313,0],[0,3.313]],"o":[[-3.313,0],[0,3.313],[3.313,0],[0,-3.313]],"v":[[0,-6],[-6,0],[0,6],[6,0]],"c":true}],"e":[{"i":[[3.313,0],[0,-3.313],[-3.313,0],[0,3.313]],"o":[[-3.313,0],[0,3.313],[3.313,0],[0,-3.313]],"v":[[0,-6],[-6,0],[0,6],[6,0]],"c":true}]},{"i":{"x":0.833,"y":0.833},"o":{"x":0.167,"y":0.167},"t":21,"s":[{"i":[[3.313,0],[0,-3.313],[-3.313,0],[0,3.313]],"o":[[-3.313,0],[0,3.313],[3.313,0],[0,-3.313]],"v":[[0,-6],[-6,0],[0,6],[6,0]],"c":true}],"e":[{"i":[[3.313,0],[0.031,-0.875],[-3.313,0],[0,0.844]],"o":[[-3.313,0],[0.063,0.906],[3.313,0],[-0.031,-0.906]],"v":[[0,-0.875],[-6,0],[0,0.938],[6,0]],"c":true}]},{"i":{"x":0.667,"y":1},"o":{"x":0.167,"y":0.167},"t":23,"s":[{"i":[[3.313,0],[0.031,-0.875],[-3.313,0],[0,0.844]],"o":[[-3.313,0],[0.063,0.906],[3.313,0],[-0.031,-0.906]],"v":[[0,-0.875],[-6,0],[0,0.938],[6,0]],"c":true}],"e":[{"i":[[3.313,0],[0,-3.313],[-3.313,0],[0,3.313]],"o":[[-3.313,0],[0,3.313],[3.313,0],[0,-3.313]],"v":[[0,-6],[-6,0],[0,6],[6,0]],"c":true}]},{"t":25}],"ix":2},"nm":"Path 1","mn":"ADBE Vector Shape - Group","hd":false},{"ty":"st","c":{"a":0,"k":[0,0,0,1],"ix":3},"o":{"a":0,"k":100,"ix":4},"w":{"a":0,"k":2,"ix":5},"lc":1,"lj":1,"ml":10,"bm":0,"nm":"Stroke 1","mn":"ADBE Vector Graphic - Stroke","hd":false},{"ty":"tr","p":{"a":0,"k":[34,24],"ix":2},"a":{"a":0,"k":[0,0],"ix":1},"s":{"a":0,"k":[100,100],"ix":3},"r":{"a":0,"k":0,"ix":6},"o":{"a":0,"k":100,"ix":7},"sk":{"a":0,"k":0,"ix":4},"sa":{"a":0,"k":0,"ix":5},"nm":"Transform"}],"nm":"Group 9","np":2,"cix":2,"bm":0,"ix":1,"mn":"ADBE Vector Group","hd":false},{"ty":"gr","it":[{"ind":0,"ty":"sh","ix":1,"ks":{"a":1,"k":[{"i":{"x":0.833,"y":0.833},"o":{"x":0.333,"y":0},"t":4,"s":[{"i":[[3.313,0],[0,-3.313],[-3.313,0],[0,3.313]],"o":[[-3.313,0],[0,3.313],[3.313,0],[0,-3.313]],"v":[[0,-6],[-6,0],[0,6],[6,0]],"c":true}],"e":[{"i":[[3.313,0],[0.031,-0.906],[-3.313,0],[0,0.938]],"o":[[-3.313,0],[0.064,1.03],[3.313,0],[0.031,-0.844]],"v":[[0,-0.906],[-6,0],[0,0.969],[6,0]],"c":true}]},{"i":{"x":0.667,"y":1},"o":{"x":0.167,"y":0.167},"t":7,"s":[{"i":[[3.313,0],[0.031,-0.906],[-3.313,0],[0,0.938]],"o":[[-3.313,0],[0.064,1.03],[3.313,0],[0.031,-0.844]],"v":[[0,-0.906],[-6,0],[0,0.969],[6,0]],"c":true}],"e":[{"i":[[2.209,0],[0,-2.209],[-2.209,0],[0,2.209]],"o":[[-2.209,0],[0,2.209],[2.209,0],[0,-2.209]],"v":[[0,-4],[-4,0],[0,4],[4,0]],"c":true}]},{"i":{"x":0.833,"y":0.833},"o":{"x":0.167,"y":0.167},"t":9,"s":[{"i":[[2.209,0],[0,-2.209],[-2.209,0],[0,2.209]],"o":[[-2.209,0],[0,2.209],[2.209,0],[0,-2.209]],"v":[[0,-4],[-4,0],[0,4],[4,0]],"c":true}],"e":[{"i":[[2.209,0],[0,-2.209],[-2.209,0],[0,2.209]],"o":[[-2.209,0],[0,2.209],[2.209,0],[0,-2.209]],"v":[[0,-4],[-4,0],[0,4],[4,0]],"c":true}]},{"i":{"x":0.833,"y":0.833},"o":{"x":0.333,"y":0},"t":14,"s":[{"i":[[2.209,0],[0,-2.209],[-2.209,0],[0,2.209]],"o":[[-2.209,0],[0,2.209],[2.209,0],[0,-2.209]],"v":[[0,-4],[-4,0],[0,4],[4,0]],"c":true}],"e":[{"i":[[3.313,0],[0,-3.313],[-3.313,0],[0,3.313]],"o":[[-3.313,0],[0,3.313],[3.313,0],[0,-3.313]],"v":[[0,-6],[-6,0],[0,6],[6,0]],"c":true}]},{"i":{"x":0.833,"y":0.833},"o":{"x":0.333,"y":0},"t":18,"s":[{"i":[[3.313,0],[0,-3.313],[-3.313,0],[0,3.313]],"o":[[-3.313,0],[0,3.313],[3.313,0],[0,-3.313]],"v":[[0,-6],[-6,0],[0,6],[6,0]],"c":true}],"e":[{"i":[[3.313,0],[0,-3.313],[-3.313,0],[0,3.313]],"o":[[-3.313,0],[0,3.313],[3.313,0],[0,-3.313]],"v":[[0,-6],[-6,0],[0,6],[6,0]],"c":true}]},{"i":{"x":0.833,"y":0.833},"o":{"x":0.167,"y":0.167},"t":21,"s":[{"i":[[3.313,0],[0,-3.313],[-3.313,0],[0,3.313]],"o":[[-3.313,0],[0,3.313],[3.313,0],[0,-3.313]],"v":[[0,-6],[-6,0],[0,6],[6,0]],"c":true}],"e":[{"i":[[3.313,0],[0.031,-0.906],[-3.313,0],[0,0.938]],"o":[[-3.313,0],[0.064,1.03],[3.313,0],[0.031,-0.844]],"v":[[0,-0.906],[-6,0],[0,0.969],[6,0]],"c":true}]},{"i":{"x":0.667,"y":1},"o":{"x":0.167,"y":0.167},"t":23,"s":[{"i":[[3.313,0],[0.031,-0.906],[-3.313,0],[0,0.938]],"o":[[-3.313,0],[0.064,1.03],[3.313,0],[0.031,-0.844]],"v":[[0,-0.906],[-6,0],[0,0.969],[6,0]],"c":true}],"e":[{"i":[[3.313,0],[0,-3.313],[-3.313,0],[0,3.313]],"o":[[-3.313,0],[0,3.313],[3.313,0],[0,-3.313]],"v":[[0,-6],[-6,0],[0,6],[6,0]],"c":true}]},{"t":25}],"ix":2},"nm":"Path 1","mn":"ADBE Vector Shape - Group","hd":false},{"ty":"st","c":{"a":0,"k":[0,0,0,1],"ix":3},"o":{"a":0,"k":100,"ix":4},"w":{"a":0,"k":2,"ix":5},"lc":1,"lj":1,"ml":10,"bm":0,"nm":"Stroke 1","mn":"ADBE Vector Graphic - Stroke","hd":false},{"ty":"tr","p":{"a":0,"k":[16,24],"ix":2},"a":{"a":0,"k":[0,0],"ix":1},"s":{"a":0,"k":[100,100],"ix":3},"r":{"a":0,"k":0,"ix":6},"o":{"a":0,"k":100,"ix":7},"sk":{"a":0,"k":0,"ix":4},"sa":{"a":0,"k":0,"ix":5},"nm":"Transform"}],"nm":"Group 10","np":2,"cix":2,"bm":0,"ix":2,"mn":"ADBE Vector Group","hd":false}],"ip":0,"op":28,"st":0,"bm":0},{"ddd":0,"ind":3,"ty":4,"nm":"Eyebrows","sr":1,"ks":{"o":{"a":0,"k":100,"ix":11},"r":{"a":0,"k":0,"ix":10},"p":{"a":0,"k":[25,25,0],"ix":2},"a":{"a":0,"k":[25,25,0],"ix":1},"s":{"a":0,"k":[100,100,100],"ix":6}},"ao":0,"shapes":[{"ty":"gr","it":[{"ind":0,"ty":"sh","ix":1,"ks":{"a":1,"k":[{"i":{"x":0.667,"y":1},"o":{"x":0.333,"y":0},"t":4,"s":[{"i":[[0,0],[4.06,1.433],[0,0]],"o":[[0,0],[-2.125,-0.75],[0,0]],"v":[[5,2],[-0.625,-1.25],[-5,-1.99]],"c":false}],"e":[{"i":[[0,0],[3.603,0.563],[0,0]],"o":[[0,0],[-2,-0.313],[0,0]],"v":[[4.969,6],[0.625,4.188],[-2.969,4.073]],"c":false}]},{"i":{"x":0.833,"y":0.833},"o":{"x":0.167,"y":0.167},"t":9,"s":[{"i":[[0,0],[3.603,0.563],[0,0]],"o":[[0,0],[-2,-0.313],[0,0]],"v":[[4.969,6],[0.625,4.188],[-2.969,4.073]],"c":false}],"e":[{"i":[[0,0],[3.603,0.563],[0,0]],"o":[[0,0],[-2,-0.313],[0,0]],"v":[[4.969,6],[0.625,4.188],[-2.969,4.073]],"c":false}]},{"i":{"x":0.667,"y":1},"o":{"x":0.333,"y":0},"t":14,"s":[{"i":[[0,0],[3.603,0.563],[0,0]],"o":[[0,0],[-2,-0.313],[0,0]],"v":[[4.969,6],[0.625,4.188],[-2.969,4.073]],"c":false}],"e":[{"i":[[0,0],[4.06,1.433],[0,0]],"o":[[0,0],[-2.125,-0.75],[0,0]],"v":[[5,2],[-0.625,-1.25],[-5,-1.99]],"c":false}]},{"t":18}],"ix":2},"nm":"Path 1","mn":"ADBE Vector Shape - Group","hd":false},{"ty":"st","c":{"a":0,"k":[0,0,0,1],"ix":3},"o":{"a":0,"k":100,"ix":4},"w":{"a":0,"k":2,"ix":5},"lc":2,"lj":2,"bm":0,"nm":"Stroke 1","mn":"ADBE Vector Graphic - Stroke","hd":false},{"ty":"tr","p":{"a":0,"k":[34,12],"ix":2},"a":{"a":0,"k":[0,0],"ix":1},"s":{"a":0,"k":[100,100],"ix":3},"r":{"a":0,"k":0,"ix":6},"o":{"a":0,"k":100,"ix":7},"sk":{"a":0,"k":0,"ix":4},"sa":{"a":0,"k":0,"ix":5},"nm":"Transform"}],"nm":"Group 13","np":2,"cix":2,"bm":0,"ix":1,"mn":"ADBE Vector Group","hd":false},{"ty":"gr","it":[{"ind":0,"ty":"sh","ix":1,"ks":{"a":1,"k":[{"i":{"x":0.667,"y":1},"o":{"x":0.333,"y":0},"t":4,"s":[{"i":[[0,0],[-4.06,1.433],[0,0]],"o":[[0,0],[2.125,-0.75],[0,0]],"v":[[-5,2],[0.625,-1.25],[5,-1.99]],"c":false}],"e":[{"i":[[0,0],[-3.594,0.567],[0,0]],"o":[[0,0],[1.781,-0.281],[0,0]],"v":[[-5.063,6.063],[-0.563,4.188],[2.969,4.104]],"c":false}]},{"i":{"x":0.833,"y":0.833},"o":{"x":0.167,"y":0.167},"t":9,"s":[{"i":[[0,0],[-3.594,0.567],[0,0]],"o":[[0,0],[1.781,-0.281],[0,0]],"v":[[-5.063,6.063],[-0.563,4.188],[2.969,4.104]],"c":false}],"e":[{"i":[[0,0],[-3.594,0.567],[0,0]],"o":[[0,0],[1.781,-0.281],[0,0]],"v":[[-5.063,6.063],[-0.563,4.188],[2.969,4.104]],"c":false}]},{"i":{"x":0.667,"y":1},"o":{"x":0.333,"y":0},"t":14,"s":[{"i":[[0,0],[-3.594,0.567],[0,0]],"o":[[0,0],[1.781,-0.281],[0,0]],"v":[[-5.063,6.063],[-0.563,4.188],[2.969,4.104]],"c":false}],"e":[{"i":[[0,0],[-4.06,1.433],[0,0]],"o":[[0,0],[2.125,-0.75],[0,0]],"v":[[-5,2],[0.625,-1.25],[5,-1.99]],"c":false}]},{"t":18}],"ix":2},"nm":"Path 1","mn":"ADBE Vector Shape - Group","hd":false},{"ty":"st","c":{"a":0,"k":[0,0,0,1],"ix":3},"o":{"a":0,"k":100,"ix":4},"w":{"a":0,"k":2,"ix":5},"lc":2,"lj":2,"bm":0,"nm":"Stroke 1","mn":"ADBE Vector Graphic - Stroke","hd":false},{"ty":"tr","p":{"a":0,"k":[16,12],"ix":2},"a":{"a":0,"k":[0,0],"ix":1},"s":{"a":0,"k":[100,100],"ix":3},"r":{"a":0,"k":0,"ix":6},"o":{"a":0,"k":100,"ix":7},"sk":{"a":0,"k":0,"ix":4},"sa":{"a":0,"k":0,"ix":5},"nm":"Transform"}],"nm":"Group 14","np":2,"cix":2,"bm":0,"ix":2,"mn":"ADBE Vector Group","hd":false}],"ip":0,"op":28,"st":0,"bm":0},{"ddd":0,"ind":4,"ty":4,"nm":"Mouth","sr":1,"ks":{"o":{"a":0,"k":100,"ix":11},"r":{"a":0,"k":0,"ix":10},"p":{"a":0,"k":[25,25,0],"ix":2},"a":{"a":0,"k":[25,25,0],"ix":1},"s":{"a":0,"k":[100,100,100],"ix":6}},"ao":0,"shapes":[{"ty":"gr","it":[{"ind":0,"ty":"sh","ix":1,"ks":{"a":1,"k":[{"i":{"x":0.667,"y":1},"o":{"x":0.333,"y":0},"t":4,"s":[{"i":[[0,0],[0,0]],"o":[[0,0],[0,0]],"v":[[21,38],[29,38]],"c":false}],"e":[{"i":[[0,0],[0,0]],"o":[[0,0],[0,0]],"v":[[23.063,38],[26.906,38]],"c":false}]},{"i":{"x":0.833,"y":0.833},"o":{"x":0.167,"y":0.167},"t":9,"s":[{"i":[[0,0],[0,0]],"o":[[0,0],[0,0]],"v":[[23.063,38],[26.906,38]],"c":false}],"e":[{"i":[[0,0],[0,0]],"o":[[0,0],[0,0]],"v":[[23.063,38],[26.906,38]],"c":false}]},{"i":{"x":0.667,"y":1},"o":{"x":0.333,"y":0},"t":14,"s":[{"i":[[0,0],[0,0]],"o":[[0,0],[0,0]],"v":[[23.063,38],[26.906,38]],"c":false}],"e":[{"i":[[0,0],[0,0]],"o":[[0,0],[0,0]],"v":[[21,38],[29,38]],"c":false}]},{"t":21}],"ix":2},"nm":"Path 1","mn":"ADBE Vector Shape - Group","hd":false},{"ty":"st","c":{"a":0,"k":[0,0,0,1],"ix":3},"o":{"a":0,"k":100,"ix":4},"w":{"a":0,"k":2,"ix":5},"lc":2,"lj":2,"bm":0,"nm":"Stroke 1","mn":"ADBE Vector Graphic - Stroke","hd":false},{"ty":"tr","p":{"a":0,"k":[0,0],"ix":2},"a":{"a":0,"k":[0,0],"ix":1},"s":{"a":0,"k":[100,100],"ix":3},"r":{"a":0,"k":0,"ix":6},"o":{"a":0,"k":100,"ix":7},"sk":{"a":0,"k":0,"ix":4},"sa":{"a":0,"k":0,"ix":5},"nm":"Transform"}],"nm":"Group 11","np":2,"cix":2,"bm":0,"ix":1,"mn":"ADBE Vector Group","hd":false}],"ip":0,"op":28,"st":0,"bm":0},{"ddd":0,"ind":5,"ty":4,"nm":"Circle","sr":1,"ks":{"o":{"a":0,"k":100,"ix":11},"r":{"a":0,"k":0,"ix":10},"p":{"a":0,"k":[25,25,0],"ix":2},"a":{"a":0,"k":[25,25,0],"ix":1},"s":{"a":0,"k":[100,100,100],"ix":6}},"ao":0,"shapes":[{"ty":"gr","it":[{"ind":0,"ty":"sh","ix":1,"ks":{"a":0,"k":{"i":[[12.15,0],[0,-12.15],[-12.15,0],[0,12.15]],"o":[[-12.15,0],[0,12.15],[12.15,0],[0,-12.15]],"v":[[0,-22],[-22,0],[0,22],[22,0]],"c":true},"ix":2},"nm":"Path 1","mn":"ADBE Vector Shape - Group","hd":false},{"ty":"st","c":{"a":0,"k":[0,0,0,1],"ix":3},"o":{"a":0,"k":100,"ix":4},"w":{"a":0,"k":2,"ix":5},"lc":1,"lj":1,"ml":10,"bm":0,"nm":"Stroke 1","mn":"ADBE Vector Graphic - Stroke","hd":false},{"ty":"tr","p":{"a":0,"k":[25,25],"ix":2},"a":{"a":0,"k":[0,0],"ix":1},"s":{"a":0,"k":[100,100],"ix":3},"r":{"a":0,"k":0,"ix":6},"o":{"a":0,"k":100,"ix":7},"sk":{"a":0,"k":0,"ix":4},"sa":{"a":0,"k":0,"ix":5},"nm":"Transform"}],"nm":"Group 12","np":2,"cix":2,"bm":0,"ix":1,"mn":"ADBE Vector Group","hd":false}],"ip":0,"op":28,"st":0,"bm":0}],"markers":[]}