{"v":"5.4.4","fr":24,"ip":0,"op":28,"w":50,"h":50,"nm":"gift-heart","ddd":0,"assets":[],"layers":[{"ddd":0,"ind":1,"ty":4,"nm":"icons8-heart Outlines","sr":1,"ks":{"o":{"a":0,"k":100,"ix":11},"r":{"a":0,"k":0,"ix":10},"p":{"a":0,"k":[25,25,0],"ix":2},"a":{"a":0,"k":[25,25,0],"ix":1},"s":{"a":1,"k":[{"i":{"x":[0.667,0.667,0.667],"y":[1,1,1]},"o":{"x":[0.167,0.167,0.167],"y":[0.167,0.167,0.833]},"t":8,"s":[100,100,100],"e":[105,105,100]},{"i":{"x":[0.667,0.667,0.667],"y":[1,1,1]},"o":{"x":[0.333,0.333,0.333],"y":[0,0,0]},"t":10,"s":[105,105,100],"e":[100,100,100]},{"i":{"x":[0.667,0.667,0.667],"y":[1,1,1]},"o":{"x":[0.167,0.167,0.167],"y":[0,0,0]},"t":11,"s":[100,100,100],"e":[100,100,100]},{"i":{"x":[0.667,0.667,0.667],"y":[1,1,1]},"o":{"x":[0.167,0.167,0.167],"y":[0.167,0.167,0]},"t":17,"s":[100,100,100],"e":[105,105,100]},{"i":{"x":[0.833,0.833,0.833],"y":[0.833,0.833,1]},"o":{"x":[0.333,0.333,0.333],"y":[0,0,0]},"t":18,"s":[105,105,100],"e":[100,100,100]},{"t":20}],"ix":6}},"ao":0,"shapes":[{"ty":"gr","it":[{"ind":0,"ty":"sh","ix":1,"ks":{"a":1,"k":[{"i":{"x":0.667,"y":1},"o":{"x":0.167,"y":0.167},"t":8,"s":[{"i":[[4,0],[1,-2],[2,0],[0,-3],[-6,-5],[0,4]],"o":[[-2,0],[-1,-2],[-4,0],[0,4],[6,-5],[0,-3]],"v":[[5,-11],[0,-8],[-5,-11],[-11,-5.15],[0,7],[11,-5.15]],"c":true}],"e":[{"i":[[6.627,0],[2.149,-3.237],[4.176,0],[0,-6.627],[-6,-5],[0,14]],"o":[[-4.176,0],[-2.149,-3.237],[-6.627,0],[0,14],[6,-5],[0,-6.627]],"v":[[10,-19],[0,-13.627],[-10,-19],[-22,-7],[0,19],[22,-7]],"c":true}]},{"i":{"x":0.833,"y":0.833},"o":{"x":0.167,"y":0.167},"t":10,"s":[{"i":[[6.627,0],[2.149,-3.237],[4.176,0],[0,-6.627],[-6,-5],[0,14]],"o":[[-4.176,0],[-2.149,-3.237],[-6.627,0],[0,14],[6,-5],[0,-6.627]],"v":[[10,-19],[0,-13.627],[-10,-19],[-22,-7],[0,19],[22,-7]],"c":true}],"e":[{"i":[[6.627,0],[2.149,-3.237],[4.176,0],[0,-6.627],[-6,-5],[0,14]],"o":[[-4.176,0],[-2.149,-3.237],[-6.627,0],[0,14],[6,-5],[0,-6.627]],"v":[[10,-19],[0,-13.627],[-10,-19],[-22,-7],[0,19],[22,-7]],"c":true}]},{"i":{"x":0.833,"y":0.833},"o":{"x":0.333,"y":0},"t":18,"s":[{"i":[[6.627,0],[2.149,-3.237],[4.176,0],[0,-6.627],[-6,-5],[0,14]],"o":[[-4.176,0],[-2.149,-3.237],[-6.627,0],[0,14],[6,-5],[0,-6.627]],"v":[[10,-19],[0,-13.627],[-10,-19],[-22,-7],[0,19],[22,-7]],"c":true}],"e":[{"i":[[4,0],[1,-2],[2,0],[0,-3],[-6,-5],[0,4]],"o":[[-2,0],[-1,-2],[-4,0],[0,4],[6,-5],[0,-3]],"v":[[5,-11],[0,-8],[-5,-11],[-11,-5.15],[0,7],[11,-5.15]],"c":true}]},{"t":20}],"ix":2},"nm":"Path 1","mn":"ADBE Vector Shape - Group","hd":false},{"ty":"st","c":{"a":0,"k":[0,0,0,1],"ix":3},"o":{"a":0,"k":100,"ix":4},"w":{"a":0,"k":2,"ix":5},"lc":2,"lj":1,"ml":10,"bm":0,"nm":"Stroke 1","mn":"ADBE Vector Graphic - Stroke","hd":false},{"ty":"tr","p":{"a":0,"k":[25,27],"ix":2},"a":{"a":0,"k":[0,0],"ix":1},"s":{"a":0,"k":[100,100],"ix":3},"r":{"a":0,"k":0,"ix":6},"o":{"a":0,"k":100,"ix":7},"sk":{"a":0,"k":0,"ix":4},"sa":{"a":0,"k":0,"ix":5},"nm":"Transform"}],"nm":"Group 2","np":2,"cix":2,"bm":0,"ix":1,"mn":"ADBE Vector Group","hd":false}],"ip":8,"op":21,"st":0,"bm":0},{"ddd":0,"ind":2,"ty":4,"nm":"Bow","parent":3,"sr":1,"ks":{"o":{"a":1,"k":[{"i":{"x":[0.833],"y":[0.833]},"o":{"x":[0.333],"y":[0]},"t":6,"s":[100],"e":[0]},{"i":{"x":[0.833],"y":[0.833]},"o":{"x":[0.167],"y":[0.167]},"t":8,"s":[0],"e":[0]},{"i":{"x":[0.667],"y":[1]},"o":{"x":[0.167],"y":[0.167]},"t":20,"s":[0],"e":[100]},{"t":22}],"ix":11},"r":{"a":0,"k":0,"ix":10},"p":{"a":0,"k":[25,25,0],"ix":2},"a":{"a":0,"k":[25,25,0],"ix":1},"s":{"a":0,"k":[100,100,100],"ix":6}},"ao":0,"shapes":[{"ty":"gr","it":[{"ind":0,"ty":"sh","ix":1,"ks":{"a":1,"k":[{"i":{"x":0.667,"y":1},"o":{"x":0.333,"y":0},"t":3,"s":[{"i":[[5.637,0],[0,0],[0,4.419],[3.441,0]],"o":[[0,0],[4.418,0],[0,-1.828],[-6.917,0]],"v":[[-8.5,5.5],[-0.5,5.5],[8.5,-1.5],[4.181,-5.5]],"c":true}],"e":[{"i":[[5.637,0],[0,0],[0,4.419],[3.441,0]],"o":[[0,0],[4.418,0],[0,-1.828],[-6.917,0]],"v":[[-8.5,5.5],[-0.5,5.5],[8.512,1.313],[4.195,-2.563]],"c":true}]},{"i":{"x":0.667,"y":1},"o":{"x":0.333,"y":0},"t":5,"s":[{"i":[[5.637,0],[0,0],[0,4.419],[3.441,0]],"o":[[0,0],[4.418,0],[0,-1.828],[-6.917,0]],"v":[[-8.5,5.5],[-0.5,5.5],[8.512,1.313],[4.195,-2.563]],"c":true}],"e":[{"i":[[5.637,0],[0,0],[-0.208,2.438],[3.441,0]],"o":[[0,0],[4.418,0],[0.155,-1.821],[-6.917,0]],"v":[[-8.5,5.5],[-0.5,5.5],[10.328,3.5],[4.224,0.563]],"c":true}]},{"i":{"x":0.667,"y":1},"o":{"x":0.167,"y":0},"t":7,"s":[{"i":[[5.637,0],[0,0],[-0.208,2.438],[3.441,0]],"o":[[0,0],[4.418,0],[0.155,-1.821],[-6.917,0]],"v":[[-8.5,5.5],[-0.5,5.5],[10.328,3.5],[4.224,0.563]],"c":true}],"e":[{"i":[[5.637,0],[0,0],[-0.208,2.438],[3.441,0]],"o":[[0,0],[4.418,0],[0.155,-1.821],[-6.917,0]],"v":[[-8.5,5.5],[-0.5,5.5],[10.328,3.5],[4.224,0.563]],"c":true}]},{"i":{"x":0.667,"y":1},"o":{"x":0.167,"y":0},"t":21,"s":[{"i":[[5.637,0],[0,0],[-0.208,2.438],[3.441,0]],"o":[[0,0],[4.418,0],[0.155,-1.821],[-6.917,0]],"v":[[-8.5,5.5],[-0.5,5.5],[10.328,3.5],[4.224,0.563]],"c":true}],"e":[{"i":[[5.637,0],[0,0],[0,4.419],[3.441,0]],"o":[[0,0],[4.418,0],[0,-1.828],[-6.917,0]],"v":[[-8.5,5.5],[-0.5,5.5],[8.512,1.313],[4.195,-2.563]],"c":true}]},{"i":{"x":0.667,"y":1},"o":{"x":0.333,"y":0},"t":23,"s":[{"i":[[5.637,0],[0,0],[0,4.419],[3.441,0]],"o":[[0,0],[4.418,0],[0,-1.828],[-6.917,0]],"v":[[-8.5,5.5],[-0.5,5.5],[8.512,1.313],[4.195,-2.563]],"c":true}],"e":[{"i":[[5.637,0],[0,0],[0,4.419],[3.441,0]],"o":[[0,0],[4.418,0],[0,-1.828],[-6.917,0]],"v":[[-8.5,5.5],[-0.5,5.5],[8.5,-1.5],[4.181,-5.5]],"c":true}]},{"t":25}],"ix":2},"nm":"Path 1","mn":"ADBE Vector Shape - Group","hd":false},{"ty":"st","c":{"a":0,"k":[0,0,0,1],"ix":3},"o":{"a":0,"k":100,"ix":4},"w":{"a":0,"k":2,"ix":5},"lc":2,"lj":2,"bm":0,"nm":"Stroke 1","mn":"ADBE Vector Graphic - Stroke","hd":false},{"ty":"tr","p":{"a":0,"k":[33.5,7.5],"ix":2},"a":{"a":0,"k":[0,0],"ix":1},"s":{"a":0,"k":[100,100],"ix":3},"r":{"a":0,"k":0,"ix":6},"o":{"a":0,"k":100,"ix":7},"sk":{"a":0,"k":0,"ix":4},"sa":{"a":0,"k":0,"ix":5},"nm":"Transform"}],"nm":"Group 4","np":2,"cix":2,"bm":0,"ix":1,"mn":"ADBE Vector Group","hd":false},{"ty":"gr","it":[{"ind":0,"ty":"sh","ix":1,"ks":{"a":1,"k":[{"i":{"x":0.667,"y":1},"o":{"x":0.333,"y":0},"t":3,"s":[{"i":[[-5.637,0],[0,0],[0,4.419],[-3.441,0]],"o":[[0,0],[-4.418,0],[0,-1.828],[6.917,0]],"v":[[8.5,5.5],[0.5,5.5],[-8.5,-1.5],[-4.181,-5.5]],"c":true}],"e":[{"i":[[-5.637,0],[0,0],[0,4.419],[-3.441,0]],"o":[[0,0],[-4.418,0],[0,-1.828],[6.917,0]],"v":[[8.5,5.5],[0.5,5.5],[-8.488,1.313],[-4.167,-2.563]],"c":true}]},{"i":{"x":0.667,"y":1},"o":{"x":0.333,"y":0},"t":5,"s":[{"i":[[-5.637,0],[0,0],[0,4.419],[-3.441,0]],"o":[[0,0],[-4.418,0],[0,-1.828],[6.917,0]],"v":[[8.5,5.5],[0.5,5.5],[-8.488,1.313],[-4.167,-2.563]],"c":true}],"e":[{"i":[[-5.637,0],[0,0],[0.003,3],[-3.441,0]],"o":[[0,0],[-4.418,0],[-0.002,-1.828],[6.917,0]],"v":[[8.5,5.5],[0.5,5.5],[-10.188,3.5],[-4.138,0.563]],"c":true}]},{"i":{"x":0.667,"y":1},"o":{"x":0.167,"y":0},"t":7,"s":[{"i":[[-5.637,0],[0,0],[0.003,3],[-3.441,0]],"o":[[0,0],[-4.418,0],[-0.002,-1.828],[6.917,0]],"v":[[8.5,5.5],[0.5,5.5],[-10.188,3.5],[-4.138,0.563]],"c":true}],"e":[{"i":[[-5.637,0],[0,0],[0.003,3],[-3.441,0]],"o":[[0,0],[-4.418,0],[-0.002,-1.828],[6.917,0]],"v":[[8.5,5.5],[0.5,5.5],[-10.188,3.5],[-4.138,0.563]],"c":true}]},{"i":{"x":0.667,"y":1},"o":{"x":0.167,"y":0},"t":21,"s":[{"i":[[-5.637,0],[0,0],[0.003,3],[-3.441,0]],"o":[[0,0],[-4.418,0],[-0.002,-1.828],[6.917,0]],"v":[[8.5,5.5],[0.5,5.5],[-10.188,3.5],[-4.138,0.563]],"c":true}],"e":[{"i":[[-5.637,0],[0,0],[0,4.419],[-3.441,0]],"o":[[0,0],[-4.418,0],[0,-1.828],[6.917,0]],"v":[[8.5,5.5],[0.5,5.5],[-8.488,1.313],[-4.167,-2.563]],"c":true}]},{"i":{"x":0.667,"y":1},"o":{"x":0.333,"y":0},"t":23,"s":[{"i":[[-5.637,0],[0,0],[0,4.419],[-3.441,0]],"o":[[0,0],[-4.418,0],[0,-1.828],[6.917,0]],"v":[[8.5,5.5],[0.5,5.5],[-8.488,1.313],[-4.167,-2.563]],"c":true}],"e":[{"i":[[-5.637,0],[0,0],[0,4.419],[-3.441,0]],"o":[[0,0],[-4.418,0],[0,-1.828],[6.917,0]],"v":[[8.5,5.5],[0.5,5.5],[-8.5,-1.5],[-4.181,-5.5]],"c":true}]},{"t":25}],"ix":2},"nm":"Path 1","mn":"ADBE Vector Shape - Group","hd":false},{"ty":"st","c":{"a":0,"k":[0,0,0,1],"ix":3},"o":{"a":0,"k":100,"ix":4},"w":{"a":0,"k":2,"ix":5},"lc":2,"lj":2,"bm":0,"nm":"Stroke 1","mn":"ADBE Vector Graphic - Stroke","hd":false},{"ty":"tr","p":{"a":0,"k":[16.5,7.5],"ix":2},"a":{"a":0,"k":[0,0],"ix":1},"s":{"a":0,"k":[100,100],"ix":3},"r":{"a":0,"k":0,"ix":6},"o":{"a":0,"k":100,"ix":7},"sk":{"a":0,"k":0,"ix":4},"sa":{"a":0,"k":0,"ix":5},"nm":"Transform"}],"nm":"Group 5","np":2,"cix":2,"bm":0,"ix":2,"mn":"ADBE Vector Group","hd":false}],"ip":0,"op":28,"st":0,"bm":0},{"ddd":0,"ind":3,"ty":4,"nm":"Top","sr":1,"ks":{"o":{"a":1,"k":[{"i":{"x":[0.833],"y":[0.833]},"o":{"x":[0.333],"y":[0]},"t":6,"s":[100],"e":[0]},{"i":{"x":[0.833],"y":[0.833]},"o":{"x":[0.167],"y":[0.167]},"t":8,"s":[0],"e":[0]},{"i":{"x":[0.667],"y":[1]},"o":{"x":[0.167],"y":[0.167]},"t":20,"s":[0],"e":[100]},{"t":22}],"ix":11},"r":{"a":0,"k":0,"ix":10},"p":{"a":1,"k":[{"i":{"x":0.667,"y":1},"o":{"x":0.333,"y":0},"t":3,"s":[25,23.004,0],"e":[25,26.004,0],"to":[0,0.5,0],"ti":[0,0.969,0]},{"i":{"x":0.667,"y":1},"o":{"x":0.333,"y":0},"t":5,"s":[25,26.004,0],"e":[25,17.191,0],"to":[0,-0.969,0],"ti":[0,4.635,0]},{"i":{"x":0.667,"y":1},"o":{"x":0.333,"y":0},"t":7,"s":[25,17.191,0],"e":[25,-1.809,0],"to":[0,-4.635,0],"ti":[0,3.167,0]},{"i":{"x":0.667,"y":0.667},"o":{"x":0.333,"y":0.333},"t":9,"s":[25,-1.809,0],"e":[25,-1.809,0],"to":[0,0,0],"ti":[0,0,0]},{"i":{"x":0.667,"y":1},"o":{"x":0.333,"y":0},"t":19,"s":[25,-1.809,0],"e":[25,17.191,0],"to":[0,3.167,0],"ti":[0,-4.635,0]},{"i":{"x":0.667,"y":1},"o":{"x":0.333,"y":0},"t":21,"s":[25,17.191,0],"e":[25,26.004,0],"to":[0,4.635,0],"ti":[0,-0.969,0]},{"i":{"x":0.667,"y":1},"o":{"x":0.333,"y":0},"t":23,"s":[25,26.004,0],"e":[25,23.004,0],"to":[0,0.969,0],"ti":[0,0.5,0]},{"t":25}],"ix":2},"a":{"a":0,"k":[25,23.004,0],"ix":1},"s":{"a":1,"k":[{"i":{"x":[0.667,0.667,0.667],"y":[1,1,1]},"o":{"x":[0.333,0.333,0.333],"y":[0,0,0]},"t":3,"s":[100,100,100],"e":[105,100,100]},{"i":{"x":[0.667,0.667,0.667],"y":[1,1,1]},"o":{"x":[0.333,0.333,0.333],"y":[0,0,0]},"t":5,"s":[105,100,100],"e":[96,100,100]},{"i":{"x":[0.667,0.667,0.667],"y":[1,1,1]},"o":{"x":[0.333,0.333,0.333],"y":[0,0,0]},"t":7,"s":[96,100,100],"e":[96,100,100]},{"i":{"x":[0.667,0.667,0.667],"y":[1,1,1]},"o":{"x":[0.333,0.333,0.333],"y":[0,0,0]},"t":21,"s":[96,100,100],"e":[105,100,100]},{"i":{"x":[0.667,0.667,0.667],"y":[1,1,1]},"o":{"x":[0.333,0.333,0.333],"y":[0,0,0]},"t":23,"s":[105,100,100],"e":[100,100,100]},{"t":25}],"ix":6}},"ao":0,"shapes":[{"ty":"gr","it":[{"ind":0,"ty":"sh","ix":1,"ks":{"a":0,"k":{"i":[[0,0],[0,0],[0,0],[0,0],[0,0],[0,0]],"o":[[0,0],[0,0],[0,0],[0,0],[0,0],[0,0]],"v":[[-5,4.5],[-23,4.5],[-23,-4.5],[23,-4.5],[23,4.5],[5,4.5]],"c":true},"ix":2},"nm":"Path 1","mn":"ADBE Vector Shape - Group","hd":false},{"ty":"st","c":{"a":0,"k":[0,0,0,1],"ix":3},"o":{"a":0,"k":100,"ix":4},"w":{"a":0,"k":2,"ix":5},"lc":2,"lj":1,"ml":10,"bm":0,"nm":"Stroke 1","mn":"ADBE Vector Graphic - Stroke","hd":false},{"ty":"tr","p":{"a":0,"k":[25,18.5],"ix":2},"a":{"a":0,"k":[0,0],"ix":1},"s":{"a":0,"k":[100,100],"ix":3},"r":{"a":0,"k":0,"ix":6},"o":{"a":0,"k":100,"ix":7},"sk":{"a":0,"k":0,"ix":4},"sa":{"a":0,"k":0,"ix":5},"nm":"Transform"}],"nm":"Group 7","np":2,"cix":2,"bm":0,"ix":1,"mn":"ADBE Vector Group","hd":false},{"ty":"gr","it":[{"ind":0,"ty":"sh","ix":1,"ks":{"a":0,"k":{"i":[[0,0],[0,0],[0,0],[0,0]],"o":[[0,0],[0,0],[0,0],[0,0]],"v":[[-5,-4.5],[5,-4.5],[5,4.5],[-5,4.5]],"c":true},"ix":2},"nm":"Path 1","mn":"ADBE Vector Shape - Group","hd":false},{"ty":"st","c":{"a":0,"k":[0,0,0,1],"ix":3},"o":{"a":0,"k":100,"ix":4},"w":{"a":0,"k":2,"ix":5},"lc":2,"lj":1,"ml":10,"bm":0,"nm":"Stroke 1","mn":"ADBE Vector Graphic - Stroke","hd":false},{"ty":"tr","p":{"a":0,"k":[25,18.5],"ix":2},"a":{"a":0,"k":[0,0],"ix":1},"s":{"a":0,"k":[100,100],"ix":3},"r":{"a":0,"k":0,"ix":6},"o":{"a":0,"k":100,"ix":7},"sk":{"a":0,"k":0,"ix":4},"sa":{"a":0,"k":0,"ix":5},"nm":"Transform"}],"nm":"Group 1","np":2,"cix":2,"bm":0,"ix":2,"mn":"ADBE Vector Group","hd":false}],"ip":0,"op":28,"st":0,"bm":0},{"ddd":0,"ind":4,"ty":4,"nm":"Bottom","sr":1,"ks":{"o":{"a":1,"k":[{"i":{"x":[0.833],"y":[0.833]},"o":{"x":[0.333],"y":[0]},"t":6,"s":[100],"e":[0]},{"i":{"x":[0.833],"y":[0.833]},"o":{"x":[0.167],"y":[0.167]},"t":8,"s":[0],"e":[0]},{"i":{"x":[0.667],"y":[1]},"o":{"x":[0.167],"y":[0.167]},"t":20,"s":[0],"e":[100]},{"t":22}],"ix":11},"r":{"a":0,"k":0,"ix":10},"p":{"a":1,"k":[{"i":{"x":0.833,"y":0.833},"o":{"x":0.333,"y":0},"t":7,"s":[25,48,0],"e":[25,76,0],"to":[0,4.667,0],"ti":[0,-4.667,0]},{"i":{"x":0.833,"y":0.833},"o":{"x":0.167,"y":0.167},"t":9,"s":[25,76,0],"e":[25,76,0],"to":[0,0,0],"ti":[0,0,0]},{"i":{"x":0.667,"y":1},"o":{"x":0.167,"y":0.167},"t":19,"s":[25,76,0],"e":[25,48,0],"to":[0,-4.667,0],"ti":[0,4.667,0]},{"t":21}],"ix":2},"a":{"a":0,"k":[25,48,0],"ix":1},"s":{"a":1,"k":[{"i":{"x":[0.667,0.667,0.667],"y":[1,1,1]},"o":{"x":[0.333,0.333,0.333],"y":[0,0,0]},"t":3,"s":[100,100,100],"e":[101,88,100]},{"i":{"x":[0.667,0.667,0.667],"y":[1,1,1]},"o":{"x":[0.333,0.333,0.333],"y":[0,0,0]},"t":5,"s":[101,88,100],"e":[90,96,100]},{"i":{"x":[0.667,0.667,0.667],"y":[1,1,1]},"o":{"x":[0.333,0.333,0.333],"y":[0,0,0]},"t":7,"s":[90,96,100],"e":[90,96,100]},{"i":{"x":[0.667,0.667,0.667],"y":[1,1,1]},"o":{"x":[0.333,0.333,0.333],"y":[0,0,0]},"t":21,"s":[90,96,100],"e":[101,88,100]},{"i":{"x":[0.667,0.667,0.667],"y":[1,1,1]},"o":{"x":[0.333,0.333,0.333],"y":[0,0,0]},"t":23,"s":[101,88,100],"e":[100,100,100]},{"t":25}],"ix":6}},"ao":0,"shapes":[{"ty":"gr","it":[{"ind":0,"ty":"sh","ix":1,"ks":{"a":1,"k":[{"i":{"x":0.667,"y":1},"o":{"x":0.333,"y":0},"t":3,"s":[{"i":[[0,0],[0,0],[0,0],[0,0],[0,0],[0,0],[0,0],[0,0]],"o":[[0,0],[0,0],[0,0],[0,0],[0,0],[0,0],[0,0],[0,0]],"v":[[-5,-12.5],[-21,-12.5],[-21,0.852],[-21,12.5],[21,12.5],[21,0.745],[21,-12.5],[5,-12.5]],"c":true}],"e":[{"i":[[0,0],[0,0],[-0.095,-13.151],[0,0],[0,0],[0.04,11.991],[0,0],[0,0]],"o":[[0,0],[0,0],[0.084,11.707],[0,0],[0,0],[-0.042,-12.583],[0,0],[0,0]],"v":[[-5,-12.5],[-21,-12.5],[-22.052,0.58],[-21,12.5],[21,12.5],[21.99,0.509],[21,-12.5],[5,-12.5]],"c":true}]},{"i":{"x":0.667,"y":1},"o":{"x":0.333,"y":0},"t":5,"s":[{"i":[[0,0],[0,0],[-0.095,-13.151],[0,0],[0,0],[0.04,11.991],[0,0],[0,0]],"o":[[0,0],[0,0],[0.084,11.707],[0,0],[0,0],[-0.042,-12.583],[0,0],[0,0]],"v":[[-5,-12.5],[-21,-12.5],[-22.052,0.58],[-21,12.5],[21,12.5],[21.99,0.509],[21,-12.5],[5,-12.5]],"c":true}],"e":[{"i":[[0,0],[0,0],[0,-4.455],[0,0],[0,0],[0,3.923],[0,0],[0,0]],"o":[[0,0],[0,0],[0,3.897],[0,0],[0,0],[0,-4.426],[0,0],[0,0]],"v":[[-5,-12.5],[-21,-12.5],[-20.167,0.839],[-21,12.5],[21,12.5],[20.236,-0.025],[21,-12.5],[5,-12.5]],"c":true}]},{"i":{"x":0.667,"y":1},"o":{"x":0.333,"y":0},"t":7,"s":[{"i":[[0,0],[0,0],[0,-4.455],[0,0],[0,0],[0,3.923],[0,0],[0,0]],"o":[[0,0],[0,0],[0,3.897],[0,0],[0,0],[0,-4.426],[0,0],[0,0]],"v":[[-5,-12.5],[-21,-12.5],[-20.167,0.839],[-21,12.5],[21,12.5],[20.236,-0.025],[21,-12.5],[5,-12.5]],"c":true}],"e":[{"i":[[0,0],[0,0],[0,-4.455],[0,0],[0,0],[0,3.923],[0,0],[0,0]],"o":[[0,0],[0,0],[0,3.897],[0,0],[0,0],[0,-4.426],[0,0],[0,0]],"v":[[-5,-12.5],[-21,-12.5],[-20.167,0.839],[-21,12.5],[21,12.5],[20.236,-0.025],[21,-12.5],[5,-12.5]],"c":true}]},{"i":{"x":0.667,"y":1},"o":{"x":0.333,"y":0},"t":21,"s":[{"i":[[0,0],[0,0],[0,-4.455],[0,0],[0,0],[0,3.923],[0,0],[0,0]],"o":[[0,0],[0,0],[0,3.897],[0,0],[0,0],[0,-4.426],[0,0],[0,0]],"v":[[-5,-12.5],[-21,-12.5],[-20.167,0.839],[-21,12.5],[21,12.5],[20.236,-0.025],[21,-12.5],[5,-12.5]],"c":true}],"e":[{"i":[[0,0],[0,0],[-0.095,-13.151],[0,0],[0,0],[0.04,11.991],[0,0],[0,0]],"o":[[0,0],[0,0],[0.084,11.707],[0,0],[0,0],[-0.042,-12.583],[0,0],[0,0]],"v":[[-5,-12.5],[-21,-12.5],[-22.052,0.58],[-21,12.5],[21,12.5],[21.99,0.509],[21,-12.5],[5,-12.5]],"c":true}]},{"i":{"x":0.667,"y":1},"o":{"x":0.333,"y":0},"t":23,"s":[{"i":[[0,0],[0,0],[-0.095,-13.151],[0,0],[0,0],[0.04,11.991],[0,0],[0,0]],"o":[[0,0],[0,0],[0.084,11.707],[0,0],[0,0],[-0.042,-12.583],[0,0],[0,0]],"v":[[-5,-12.5],[-21,-12.5],[-22.052,0.58],[-21,12.5],[21,12.5],[21.99,0.509],[21,-12.5],[5,-12.5]],"c":true}],"e":[{"i":[[0,0],[0,0],[0,0],[0,0],[0,0],[0,0],[0,0],[0,0]],"o":[[0,0],[0,0],[0,0],[0,0],[0,0],[0,0],[0,0],[0,0]],"v":[[-5,-12.5],[-21,-12.5],[-21,0.852],[-21,12.5],[21,12.5],[21,0.745],[21,-12.5],[5,-12.5]],"c":true}]},{"t":25}],"ix":2},"nm":"Path 1","mn":"ADBE Vector Shape - Group","hd":false},{"ty":"st","c":{"a":0,"k":[0,0,0,1],"ix":3},"o":{"a":0,"k":100,"ix":4},"w":{"a":0,"k":2,"ix":5},"lc":2,"lj":1,"ml":10,"bm":0,"nm":"Stroke 1","mn":"ADBE Vector Graphic - Stroke","hd":false},{"ty":"tr","p":{"a":0,"k":[25,35.5],"ix":2},"a":{"a":0,"k":[0,0],"ix":1},"s":{"a":0,"k":[100,100],"ix":3},"r":{"a":0,"k":0,"ix":6},"o":{"a":0,"k":100,"ix":7},"sk":{"a":0,"k":0,"ix":4},"sa":{"a":0,"k":0,"ix":5},"nm":"Transform"}],"nm":"Group 6","np":2,"cix":2,"bm":0,"ix":1,"mn":"ADBE Vector Group","hd":false},{"ty":"gr","it":[{"ind":0,"ty":"sh","ix":1,"ks":{"a":0,"k":{"i":[[0,0],[0,0],[0,0],[0,0]],"o":[[0,0],[0,0],[0,0],[0,0]],"v":[[-5,-12.5],[5,-12.5],[5,12.5],[-5,12.5]],"c":true},"ix":2},"nm":"Path 1","mn":"ADBE Vector Shape - Group","hd":false},{"ty":"st","c":{"a":0,"k":[0,0,0,1],"ix":3},"o":{"a":0,"k":100,"ix":4},"w":{"a":0,"k":2,"ix":5},"lc":2,"lj":1,"ml":10,"bm":0,"nm":"Stroke 1","mn":"ADBE Vector Graphic - Stroke","hd":false},{"ty":"tr","p":{"a":0,"k":[25,35.5],"ix":2},"a":{"a":0,"k":[0,0],"ix":1},"s":{"a":0,"k":[100,100],"ix":3},"r":{"a":0,"k":0,"ix":6},"o":{"a":0,"k":100,"ix":7},"sk":{"a":0,"k":0,"ix":4},"sa":{"a":0,"k":0,"ix":5},"nm":"Transform"}],"nm":"Group 2","np":2,"cix":2,"bm":0,"ix":2,"mn":"ADBE Vector Group","hd":false}],"ip":0,"op":28,"st":0,"bm":0}],"markers":[]}