{"v":"5.4.4","fr":24,"ip":0,"op":28,"w":50,"h":50,"nm":"confused","ddd":0,"assets":[],"layers":[{"ddd":0,"ind":1,"ty":4,"nm":"Eyebrows","sr":1,"ks":{"o":{"a":0,"k":100,"ix":11},"r":{"a":0,"k":0,"ix":10},"p":{"a":0,"k":[25,25,0],"ix":2},"a":{"a":0,"k":[25,25,0],"ix":1},"s":{"a":0,"k":[100,100,100],"ix":6}},"ao":0,"shapes":[{"ty":"gr","it":[{"ind":0,"ty":"sh","ix":1,"ks":{"a":1,"k":[{"i":{"x":0.667,"y":1},"o":{"x":0.333,"y":0},"t":4,"s":[{"i":[[0,0],[-3.94,1.498],[0,0]],"o":[[0,0],[2.002,-0.76],[0,0]],"v":[[-5,-1.406],[0.833,-5.773],[5,-6.396]],"c":false}],"e":[{"i":[[0,0],[-1.039,0.414],[-1.789,-0.188]],"o":[[1.067,-0.876],[2,-0.796],[0,0]],"v":[[-5,1.594],[-1.497,-0.406],[5,-1.406]],"c":false}]},{"i":{"x":0.833,"y":0.833},"o":{"x":0.167,"y":0.167},"t":8,"s":[{"i":[[0,0],[-1.039,0.414],[-1.789,-0.188]],"o":[[1.067,-0.876],[2,-0.796],[0,0]],"v":[[-5,1.594],[-1.497,-0.406],[5,-1.406]],"c":false}],"e":[{"i":[[0,0],[-1.039,0.414],[-1.789,-0.188]],"o":[[1.067,-0.876],[2,-0.796],[0,0]],"v":[[-5,1.594],[-1.497,-0.406],[5,-1.406]],"c":false}]},{"i":{"x":0.667,"y":1},"o":{"x":0.333,"y":0},"t":15,"s":[{"i":[[0,0],[-1.039,0.414],[-1.789,-0.188]],"o":[[1.067,-0.876],[2,-0.796],[0,0]],"v":[[-5,1.594],[-1.497,-0.406],[5,-1.406]],"c":false}],"e":[{"i":[[0,0],[-3.94,1.498],[0,0]],"o":[[0,0],[2.002,-0.76],[0,0]],"v":[[-5,-1.406],[0.833,-5.773],[5,-6.396]],"c":false}]},{"t":24}],"ix":2},"nm":"Path 1","mn":"ADBE Vector Shape - Group","hd":false},{"ty":"st","c":{"a":0,"k":[0,0,0,1],"ix":3},"o":{"a":0,"k":100,"ix":4},"w":{"a":0,"k":2,"ix":5},"lc":2,"lj":2,"bm":0,"nm":"Stroke 1","mn":"ADBE Vector Graphic - Stroke","hd":false},{"ty":"tr","p":{"a":0,"k":[16,16.406],"ix":2},"a":{"a":0,"k":[0,0],"ix":1},"s":{"a":0,"k":[100,100],"ix":3},"r":{"a":0,"k":0,"ix":6},"o":{"a":0,"k":100,"ix":7},"sk":{"a":0,"k":0,"ix":4},"sa":{"a":0,"k":0,"ix":5},"nm":"Transform"}],"nm":"Group 1","np":2,"cix":2,"bm":0,"ix":1,"mn":"ADBE Vector Group","hd":false},{"ty":"gr","it":[{"ind":0,"ty":"sh","ix":1,"ks":{"a":1,"k":[{"i":{"x":0.667,"y":1},"o":{"x":0.333,"y":0},"t":4,"s":[{"i":[[0,0],[1.543,0.474],[0,0]],"o":[[-2.461,-0.547],[-2.688,-0.827],[0,0]],"v":[[5,-0.406],[-1,-1.974],[-5,-3.406]],"c":false}],"e":[{"i":[[0,0],[1.038,0.414],[1.789,-0.188]],"o":[[-1.066,-0.876],[-2,-0.796],[0,0]],"v":[[5,1.594],[1.497,-0.406],[-5,-1.406]],"c":false}]},{"i":{"x":0.833,"y":0.833},"o":{"x":0.167,"y":0.167},"t":8,"s":[{"i":[[0,0],[1.038,0.414],[1.789,-0.188]],"o":[[-1.066,-0.876],[-2,-0.796],[0,0]],"v":[[5,1.594],[1.497,-0.406],[-5,-1.406]],"c":false}],"e":[{"i":[[0,0],[1.038,0.414],[1.789,-0.188]],"o":[[-1.066,-0.876],[-2,-0.796],[0,0]],"v":[[5,1.594],[1.497,-0.406],[-5,-1.406]],"c":false}]},{"i":{"x":0.667,"y":1},"o":{"x":0.333,"y":0},"t":15,"s":[{"i":[[0,0],[1.038,0.414],[1.789,-0.188]],"o":[[-1.066,-0.876],[-2,-0.796],[0,0]],"v":[[5,1.594],[1.497,-0.406],[-5,-1.406]],"c":false}],"e":[{"i":[[0,0],[1.543,0.474],[0,0]],"o":[[-2.461,-0.547],[-2.688,-0.827],[0,0]],"v":[[5,-0.406],[-1,-1.974],[-5,-3.406]],"c":false}]},{"t":24}],"ix":2},"nm":"Path 1","mn":"ADBE Vector Shape - Group","hd":false},{"ty":"st","c":{"a":0,"k":[0,0,0,1],"ix":3},"o":{"a":0,"k":100,"ix":4},"w":{"a":0,"k":2,"ix":5},"lc":2,"lj":2,"bm":0,"nm":"Stroke 1","mn":"ADBE Vector Graphic - Stroke","hd":false},{"ty":"tr","p":{"a":0,"k":[34,16.406],"ix":2},"a":{"a":0,"k":[0,0],"ix":1},"s":{"a":0,"k":[100,100],"ix":3},"r":{"a":0,"k":0,"ix":6},"o":{"a":0,"k":100,"ix":7},"sk":{"a":0,"k":0,"ix":4},"sa":{"a":0,"k":0,"ix":5},"nm":"Transform"}],"nm":"Group 2","np":2,"cix":2,"bm":0,"ix":2,"mn":"ADBE Vector Group","hd":false}],"ip":0,"op":28,"st":0,"bm":0},{"ddd":0,"ind":2,"ty":4,"nm":"Eyes","sr":1,"ks":{"o":{"a":0,"k":100,"ix":11},"r":{"a":0,"k":0,"ix":10},"p":{"a":0,"k":[25,25,0],"ix":2},"a":{"a":0,"k":[25,25,0],"ix":1},"s":{"a":0,"k":[100,100,100],"ix":6}},"ao":0,"shapes":[{"ty":"gr","it":[{"ind":0,"ty":"sh","ix":1,"ks":{"a":1,"k":[{"i":{"x":0.833,"y":0.833},"o":{"x":0.333,"y":0},"t":4,"s":[{"i":[[0,-0.527],[0.161,-0.367],[1.23,0],[0,1.657],[-1.657,0],[-0.512,-0.922]],"o":[[0,0.427],[-0.463,1.06],[-1.657,0],[0,-1.657],[1.129,0],[0.239,0.431]],"v":[[3,0],[2.75,1.2],[0,3],[-3,0],[0,-3],[2.625,-1.454]],"c":true}],"e":[{"i":[[0,-0.527],[0.313,-0.2],[1.23,0],[0.063,1.469],[-1.657,0],[-0.687,-0.187]],"o":[[0,0.427],[-0.703,0.378],[-1.657,0],[-0.054,-1.264],[1.129,0],[0.472,0.142]],"v":[[3,0],[2.5,1.059],[0,1.406],[-3,0],[0,-1.469],[2.453,-1.235]],"c":true}]},{"i":{"x":0.667,"y":1},"o":{"x":0.167,"y":0.167},"t":6,"s":[{"i":[[0,-0.527],[0.313,-0.2],[1.23,0],[0.063,1.469],[-1.657,0],[-0.687,-0.187]],"o":[[0,0.427],[-0.703,0.378],[-1.657,0],[-0.054,-1.264],[1.129,0],[0.472,0.142]],"v":[[3,0],[2.5,1.059],[0,1.406],[-3,0],[0,-1.469],[2.453,-1.235]],"c":true}],"e":[{"i":[[0,-0.527],[0.161,-0.367],[1.23,0],[0,1.657],[-1.657,0],[-0.512,-0.922]],"o":[[0,0.427],[-0.463,1.06],[-1.657,0],[0,-1.657],[1.129,0],[0.239,0.431]],"v":[[3,0],[2.75,1.2],[0,3],[-3,0],[0,-3],[2.625,-1.454]],"c":true}]},{"t":8}],"ix":2},"nm":"Path 1","mn":"ADBE Vector Shape - Group","hd":false},{"ty":"fl","c":{"a":0,"k":[0,0,0,1],"ix":4},"o":{"a":0,"k":100,"ix":5},"r":1,"bm":0,"nm":"Fill 1","mn":"ADBE Vector Graphic - Fill","hd":false},{"ty":"tr","p":{"a":1,"k":[{"i":{"x":0.667,"y":1},"o":{"x":0.333,"y":0},"t":4,"s":[17,22],"e":[18,23],"to":[0.167,0.167],"ti":[-0.167,-0.167]},{"i":{"x":0.833,"y":0.833},"o":{"x":0.167,"y":0.167},"t":8,"s":[18,23],"e":[18,23],"to":[0,0],"ti":[0,0]},{"i":{"x":0.667,"y":1},"o":{"x":0.333,"y":0},"t":15,"s":[18,23],"e":[17,22],"to":[-0.167,-0.167],"ti":[0.167,0.167]},{"t":24}],"ix":2},"a":{"a":0,"k":[0,0],"ix":1},"s":{"a":0,"k":[100,100],"ix":3},"r":{"a":0,"k":0,"ix":6},"o":{"a":0,"k":100,"ix":7},"sk":{"a":0,"k":0,"ix":4},"sa":{"a":0,"k":0,"ix":5},"nm":"Transform"}],"nm":"Group 4","np":2,"cix":2,"bm":0,"ix":1,"mn":"ADBE Vector Group","hd":false},{"ty":"gr","it":[{"ind":0,"ty":"sh","ix":1,"ks":{"a":1,"k":[{"i":{"x":0.833,"y":0.833},"o":{"x":0.333,"y":0},"t":4,"s":[{"i":[[0,-0.349],[0.084,-0.276],[1.353,0],[0,1.657],[-1.657,0],[-0.411,-1.167]],"o":[[0,0.304],[-0.375,1.231],[-1.657,0],[0,-1.657],[1.307,0],[0.11,0.312]],"v":[[3,0],[2.871,0.874],[0,3],[-3,0],[0,-3],[2.83,-0.997]],"c":true}],"e":[{"i":[[0,-0.349],[0.285,-0.202],[1.353,0],[-0.031,1.219],[-1.657,0],[-0.549,-0.253]],"o":[[0,0.304],[-0.652,0.345],[-1.657,0],[0.033,-1.297],[1.307,0],[0.311,0.231]],"v":[[3,0],[2.527,0.999],[0,1.406],[-3,0],[0,-1.438],[2.439,-1.075]],"c":true}]},{"i":{"x":0.667,"y":1},"o":{"x":0.167,"y":0.167},"t":6,"s":[{"i":[[0,-0.349],[0.285,-0.202],[1.353,0],[-0.031,1.219],[-1.657,0],[-0.549,-0.253]],"o":[[0,0.304],[-0.652,0.345],[-1.657,0],[0.033,-1.297],[1.307,0],[0.311,0.231]],"v":[[3,0],[2.527,0.999],[0,1.406],[-3,0],[0,-1.438],[2.439,-1.075]],"c":true}],"e":[{"i":[[0,-0.349],[0.084,-0.276],[1.353,0],[0,1.657],[-1.657,0],[-0.411,-1.167]],"o":[[0,0.304],[-0.375,1.231],[-1.657,0],[0,-1.657],[1.307,0],[0.11,0.312]],"v":[[3,0],[2.871,0.874],[0,3],[-3,0],[0,-3],[2.83,-0.997]],"c":true}]},{"t":8}],"ix":2},"nm":"Path 1","mn":"ADBE Vector Shape - Group","hd":false},{"ty":"fl","c":{"a":0,"k":[0,0,0,1],"ix":4},"o":{"a":0,"k":100,"ix":5},"r":1,"bm":0,"nm":"Fill 1","mn":"ADBE Vector Graphic - Fill","hd":false},{"ty":"tr","p":{"a":1,"k":[{"i":{"x":0.667,"y":1},"o":{"x":0.333,"y":0},"t":4,"s":[33,22],"e":[31.938,23.063],"to":[-0.177,0.177],"ti":[0.177,-0.177]},{"i":{"x":0.833,"y":0.833},"o":{"x":0.167,"y":0.167},"t":8,"s":[31.938,23.063],"e":[31.938,23.063],"to":[0,0],"ti":[0,0]},{"i":{"x":0.667,"y":1},"o":{"x":0.333,"y":0},"t":15,"s":[31.938,23.063],"e":[33,22],"to":[0.177,-0.177],"ti":[-0.177,0.177]},{"t":24}],"ix":2},"a":{"a":0,"k":[0,0],"ix":1},"s":{"a":0,"k":[100,100],"ix":3},"r":{"a":0,"k":0,"ix":6},"o":{"a":0,"k":100,"ix":7},"sk":{"a":0,"k":0,"ix":4},"sa":{"a":0,"k":0,"ix":5},"nm":"Transform"}],"nm":"Group 5","np":2,"cix":2,"bm":0,"ix":2,"mn":"ADBE Vector Group","hd":false}],"ip":0,"op":28,"st":0,"bm":0},{"ddd":0,"ind":3,"ty":4,"nm":"Mouth","sr":1,"ks":{"o":{"a":0,"k":100,"ix":11},"r":{"a":0,"k":0,"ix":10},"p":{"a":0,"k":[25,25,0],"ix":2},"a":{"a":0,"k":[25,25,0],"ix":1},"s":{"a":0,"k":[100,100,100],"ix":6}},"ao":0,"shapes":[{"ty":"gr","it":[{"ind":0,"ty":"sh","ix":1,"ks":{"a":1,"k":[{"i":{"x":0.667,"y":1},"o":{"x":0.333,"y":0},"t":4,"s":[{"i":[[0,0],[-4,0],[0,0]],"o":[[8,0],[2.5,0],[0,0]],"v":[[17,38],[30,35],[34,36]],"c":false}],"e":[{"i":[[0,0],[0,0],[0,0]],"o":[[0,0],[0,0],[0,0]],"v":[[17,37],[30,37],[34,37]],"c":false}]},{"i":{"x":0.833,"y":0.833},"o":{"x":0.167,"y":0.167},"t":8,"s":[{"i":[[0,0],[0,0],[0,0]],"o":[[0,0],[0,0],[0,0]],"v":[[17,37],[30,37],[34,37]],"c":false}],"e":[{"i":[[0,0],[0,0],[0,0]],"o":[[0,0],[0,0],[0,0]],"v":[[17,37],[30,37],[34,37]],"c":false}]},{"i":{"x":0.667,"y":1},"o":{"x":0.333,"y":0},"t":15,"s":[{"i":[[0,0],[0,0],[0,0]],"o":[[0,0],[0,0],[0,0]],"v":[[17,37],[30,37],[34,37]],"c":false}],"e":[{"i":[[0,0],[-4,0],[0,0]],"o":[[8,0],[2.5,0],[0,0]],"v":[[17,38],[30,35],[34,36]],"c":false}]},{"t":24}],"ix":2},"nm":"Path 1","mn":"ADBE Vector Shape - Group","hd":false},{"ty":"st","c":{"a":0,"k":[0,0,0,1],"ix":3},"o":{"a":0,"k":100,"ix":4},"w":{"a":0,"k":2,"ix":5},"lc":2,"lj":2,"bm":0,"nm":"Stroke 1","mn":"ADBE Vector Graphic - Stroke","hd":false},{"ty":"tr","p":{"a":0,"k":[0,0],"ix":2},"a":{"a":0,"k":[0,0],"ix":1},"s":{"a":0,"k":[100,100],"ix":3},"r":{"a":0,"k":0,"ix":6},"o":{"a":0,"k":100,"ix":7},"sk":{"a":0,"k":0,"ix":4},"sa":{"a":0,"k":0,"ix":5},"nm":"Transform"}],"nm":"Group 3","np":2,"cix":2,"bm":0,"ix":1,"mn":"ADBE Vector Group","hd":false}],"ip":0,"op":28,"st":0,"bm":0},{"ddd":0,"ind":4,"ty":4,"nm":"Circle","sr":1,"ks":{"o":{"a":0,"k":100,"ix":11},"r":{"a":0,"k":0,"ix":10},"p":{"a":0,"k":[25,25,0],"ix":2},"a":{"a":0,"k":[25,25,0],"ix":1},"s":{"a":0,"k":[100,100,100],"ix":6}},"ao":0,"shapes":[{"ty":"gr","it":[{"ind":0,"ty":"sh","ix":1,"ks":{"a":0,"k":{"i":[[12.151,0],[0,-12.151],[-12.151,0],[0,12.151]],"o":[[-12.151,0],[0,12.151],[12.151,0],[0,-12.151]],"v":[[0,-22],[-22,0],[0,22],[22,0]],"c":true},"ix":2},"nm":"Path 1","mn":"ADBE Vector Shape - Group","hd":false},{"ty":"st","c":{"a":0,"k":[0,0,0,1],"ix":3},"o":{"a":0,"k":100,"ix":4},"w":{"a":0,"k":2,"ix":5},"lc":2,"lj":2,"bm":0,"nm":"Stroke 1","mn":"ADBE Vector Graphic - Stroke","hd":false},{"ty":"tr","p":{"a":0,"k":[25,25],"ix":2},"a":{"a":0,"k":[0,0],"ix":1},"s":{"a":0,"k":[100,100],"ix":3},"r":{"a":0,"k":0,"ix":6},"o":{"a":0,"k":100,"ix":7},"sk":{"a":0,"k":0,"ix":4},"sa":{"a":0,"k":0,"ix":5},"nm":"Transform"}],"nm":"Group 8","np":2,"cix":2,"bm":0,"ix":1,"mn":"ADBE Vector Group","hd":false}],"ip":0,"op":28,"st":0,"bm":0}],"markers":[]}